STATION,date_recorded,ACMC,ACMH,ACSC,ACSH,ADPT,ASLP,ASTP,AWBT,AWDR,AWND,DAEV,DAPR,DASF,DATN,DATX,DAWM,DWPR,EVAP,FMTM,FRGB,FRGT,FRTH,GAHT,MDEV,MDPR,MDSF,MDTN,MDTX,MDWM,MNPN,MXPN,PGTM,precipitation,PSUN,RHAV,RHMN,RHMX,SN01,SN02,SN03,SN11,SN12,SN13,SN14,SN21,SN22,SN23,SN31,SN32,SN33,SN34,SN35,SN36,SN51,SN52,SN53,SN54,SN55,SN56,SN57,SN61,SN72,SN81,SN82,SN83,SNOW,SNWD,SX01,SX02,SX03,SX11,SX12,SX13,SX14,SX15,SX17,SX21,SX22,SX23,SX31,SX32,SX33,SX34,SX35,SX36,SX51,SX52,SX53,SX54,SX55,SX56,SX57,SX61,SX72,SX81,SX82,SX83,TAVG,TAXN,THIC,temp_max,temp_min,TOBS,TSUN,WDF1,WDF2,WDF5,WDFG,WDFI,WDFM,WDMV,WESD,WESF,WSF1,WSF2,WSF5,WSFG,WSFI,WSFM,WT01,WT02,WT03,WT04,WT05,WT06,WT07,WT08,WT09,WT10,WT11,WT12,WT13,WT14,WT15,WT16,WT17,WT18,WT19,WT21,WT22,WV01,WV03,WV07,WV18,WV20,alt,station_info,station_name,time,date
USW00094728,2024-01-01,,,,,-11.0,10166.0,10115.0,28.0,,15.0,,,,,,,,,,,,,,,,,,,,,,,8,,63.0,54.0,82.0,,,,,,,,,,,,,,,,,,,,,,,,,,,,,0,0,,,,,,,,,,,,,,,,,,,,,,,,,,,,,,,,,,83,17,,,,270.0,220.0,,,,,,,,40.0,72.0,,,,,,,,,,,,,,,,,,,,,,,,,,,,,,,,,,2024-01-01
USW00094728,2024-01-02,,,,,-61.0,10176.0,10125.0,-6.0,,18.0,,,,,,,,,,,,,,,,,,,,,,,0,,54.0,41.0,69.0,,,,,,,,,,,,,,,,,,,,,,,,,,,,,0,0,,,,,,,,,,,,,,,,,,,,,,,,,,,,,,,,,,56,-16,,,,300.0,320.0,,,,,,,,45.0,72.0,,,,,,,,,,,,,,,,,,,,,,,,,,,,,,,,,,2024-01-02
USW00094728,2024-01-03,,,,,-44.0,10159.0,10108.0,6.0,,22.0,,,,,,,,,,,,,,,,,,,,,,,0,,57.0,49.0,67.0,,,,,,,,,,,,,,,,,,,,,,,,,,,,,0,0,,,,,,,,,,,,,,,,,,,,,,,,,,,,,,,,,,61,11,,,,300.0,320.0,,,,,,,,45.0,67.0,,,,,,,,,,,,,,,,,,,,,,,,,,,,,,,,,,2024-01-03
USW00094728,2024-01-04,,,,,-61.0,10159.0,10112.0,0.0,,34.0,,,,,,,,,,,,,,,,,,,,,,,0,,50.0,38.0,65.0,,,,,,,,,,,,,,,,,,,,,,,,,,,,,0,0,,,,,,,,,,,,,,,,,,,,,,,,,,,,,,,,,,72,-21,,,,310.0,300.0,,,,,,,,89.0,134.0,,,,,,,,,,,,,,,,,,,,,,,,,,,,,,,,,,2024-01-04
USW00094728,2024-01-05,,,,,-100.0,10240.0,10190.0,-33.0,,32.0,,,,,,,,,,,,,,,,,,,,,,,0,,48.0,39.0,55.0,,,,,,,,,,,,,,,,,,,,,,,,,,,,,0,0,,,,,,,,,,,,,,,,,,,,,,,,,,,,,,,,,,28,-32,,,,300.0,290.0,,,,,,,,72.0,107.0,,,,,,,,,,,,,,,,,,,,,,,,,,,,,,,,,,2024-01-05
USW00094728,2024-01-06,,,,,-39.0,10169.0,10135.0,-6.0,,31.0,,,,,,,,,,,,,,,,,,,,,,,104,,69.0,54.0,89.0,,,,,,,,,,,,,,,,,,,,,,,,,,,,,5,0,,,,,,,,,,,,,,,,,,,,,,,,,,,,,,,,,,33,-5,,,,70.0,60.0,,,,,,,,103.0,157.0,,,,1.0,,,,,,,1.0,,,,,,,,,,,,,,,,,,,,,,,2024-01-06
USW00094728,2024-01-07,,,,,-6.0,10054.0,10003.0,17.0,,34.0,,,,,,,,,,,,,,,,,,,,,,,61,,82.0,64.0,93.0,,,,,,,,,,,,,,,,,,,,,,,,,,,,,0,0,,,,,,,,,,,,,,,,,,,,,,,,,,,,,,,,,,33,11,,,,50.0,70.0,,,,,,,,67.0,107.0,,,,1.0,,,,,,,,,,,,,,,,,,,,,,,,,,,,,,2024-01-07
USW00094728,2024-01-08,,,,,-50.0,10261.0,10196.0,11.0,,23.0,,,,,,,,,,,,,,,,,,,,,,,0,,52.0,41.0,65.0,,,,,,,,,,,,,,,,,,,,,,,,,,,,,0,0,,,,,,,,,,,,,,,,,,,,,,,,,,,,,,,,,,72,22,,,,300.0,20.0,,,,,,,,81.0,134.0,,,,,,,,,,,1.0,,,,,,,,,,,,,,,,,,,,,,,2024-01-08
USW00094728,2024-01-09,,,,,28.0,10159.0,10152.0,56.0,,29.0,,,,,,,,,,,,,,,,,,,,,,,439,,76.0,57.0,93.0,,,,,,,,,,,,,,,,,,,,,,,,,,,,,0,0,,,,,,,,,,,,,,,,,,,,,,,,,,,,,,,,,,139,22,,,,150.0,130.0,,,,,,,,103.0,192.0,,,,1.0,,,,,,,,,,,,,,,,,,,,,,,,,,,,,,2024-01-09
USW00094728,2024-01-10,,,,,17.0,9929.0,9854.0,61.0,,38.0,,,,,,,,,,,,,,,,,,,,,,,56,,57.0,41.0,93.0,,,,,,,,,,,,,,,,,,,,,,,,,,,,,0,0,,,,,,,,,,,,,,,,,,,,,,,,,,,,,,,,,,139,67,,,,240.0,230.0,,,,,,,,98.0,161.0,,,,1.0,,,,,,,,,,,,,,,,,,,,,,,,,,,,,,2024-01-10
USW00094728,2024-01-11,,,,,-33.0,10105.0,10041.0,28.0,,31.0,,,,,,,,,,,,,,,,,,,,,,,0,,49.0,44.0,54.0,,,,,,,,,,,,,,,,,,,,,,,,,,,,,0,0,,,,,,,,,,,,,,,,,,,,,,,,,,,,,,,,,,83,50,,,,240.0,240.0,,,,,,,,67.0,103.0,,,,,,,,,,,,,,,,,,,,,,,,,,,,,,,,,,2024-01-11
USW00094728,2024-01-12,,,,,-6.0,10176.0,10115.0,39.0,,31.0,,,,,,,,,,,,,,,,,,,,,,,20,,59.0,39.0,86.0,,,,,,,,,,,,,,,,,,,,,,,,,,,,,0,0,,,,,,,,,,,,,,,,,,,,,,,,,,,,,,,,,,100,44,,,,80.0,20.0,,,,,,,,72.0,143.0,,,,1.0,,,,,,,,,,,,,,,,,,,,,,,,,,,,,,2024-01-12
USW00094728,2024-01-13,,,,,22.0,9953.0,9902.0,67.0,,43.0,,,,,,,,,,,,,,,,,,,,,,,206,,64.0,37.0,93.0,,,,,,,,,,,,,,,,,,,,,,,,,,,,,0,0,,,,,,,,,,,,,,,,,,,,,,,,,,,,,,,,,,156,17,,,,270.0,280.0,,,,,,,,94.0,174.0,,,,1.0,,,,,,,,,,,,,,,,,,,,,,,,,,,,,,2024-01-13
USW00094728,2024-01-14,,,,,-111.0,10125.0,10075.0,-22.0,,37.0,,,,,,,,,,,,,,,,,,,,,,,0,,41.0,21.0,56.0,,,,,,,,,,,,,,,,,,,,,,,,,,,,,0,0,,,,,,,,,,,,,,,,,,,,,,,,,,,,,,,,,,67,-32,,,,270.0,280.0,,,,,,,,112.0,165.0,,,,,,,,,,,,,,,,,,,,,,,,,,,,,,,,,,2024-01-14
USW00094728,2024-01-15,,,,,-144.0,10230.0,10176.0,-61.0,,23.0,,,,,,,,,,,,,,,,,,,,,,,10,,44.0,28.0,85.0,,,,,,,,,,,,,,,,,,,,,,,,,,,,,10,0,,,,,,,,,,,,,,,,,,,,,,,,,,,,,,,,,,-16,-49,,,,280.0,30.0,,,,,,,,58.0,107.0,,,,1.0,,,,,,,,,,,,,,,,,,,,,,,,,,,,,,2024-01-15
USW00094728,2024-01-16,,,,,-61.0,10112.0,10064.0,-33.0,,41.0,,,,,,,,,,,,,,,,,,,,,,,71,,78.0,55.0,89.0,,,,,,,,,,,,,,,,,,,,,,,,,,,,,33,30,,,,,,,,,,,,,,,,,,,,,,,,,,,,,,,,,,0,-55,,,,40.0,30.0,,,,,,,,94.0,161.0,,,,1.0,,,,,1.0,,1.0,,,,,,,,,,,,,,,,,,,,,,,2024-01-16
USW00094728,2024-01-17,,,,,-161.0,10152.0,10102.0,-83.0,,37.0,,,,,,,,,,,,,,,,,,,,,,,0,,46.0,30.0,62.0,,,,,,,,,,,,,,,,,,,,,,,,,,,,,0,30,,,,,,,,,,,,,,,,,,,,,,,,,,,,,,,,,,-43,-82,,,,240.0,10.0,,,,,,,,81.0,125.0,,,,,,,,,,,,,,,,,,,,,,,,,,,,,,,,,,2024-01-17
USW00094728,2024-01-18,,,,,-133.0,10196.0,10149.0,-50.0,,27.0,,,,,,,,,,,,,,,,,,,,,,,0,,43.0,35.0,58.0,,,,,,,,,,,,,,,,,,,,,,,,,,,,,0,30,,,,,,,,,,,,,,,,,,,,,,,,,,,,,,,,,,11,-55,,,,230.0,240.0,,,,,,,,72.0,116.0,,,,,,,,,,,1.0,,,,,,,,,,,,,,,,,,,,,,,2024-01-18
USW00094728,2024-01-19,,,,,-78.0,10105.0,10041.0,-33.0,,33.0,,,,,,,,,,,,,,,,,,,,,,,10,,64.0,41.0,78.0,,,,,,,,,,,,,,,,,,,,,,,,,,,,,10,30,,,,,,,,,,,,,,,,,,,,,,,,,,,,,,,,,,0,-32,,,,40.0,30.0,,,,,,,,98.0,165.0,,,,,,,,,,,1.0,,,,,,,,,,,,,,,,,,,,,,,2024-01-19
USW00094728,2024-01-20,,,,,-150.0,10149.0,10098.0,-83.0,,48.0,,,,,,,,,,,,,,,,,,,,,,,0,,50.0,42.0,59.0,,,,,,,,,,,,,,,,,,,,,,,,,,,,,0,30,,,,,,,,,,,,,,,,,,,,,,,,,,,,,,,,,,-32,-77,,,,340.0,10.0,,,,,,,,94.0,161.0,,,,,,,,,,,,,,,,,,,,,,,,,,,,,,,,,,2024-01-20
USW00094728,2024-01-21,,,,,-139.0,10268.0,10200.0,-67.0,,41.0,,,,,,,,,,,,,,,,,,,,,,,0,,45.0,38.0,59.0,,,,,,,,,,,,,,,,,,,,,,,,,,,,,0,30,,,,,,,,,,,,,,,,,,,,,,,,,,,,,,,,,,-5,-66,,,,310.0,360.0,,,,,,,,94.0,157.0,,,,,,,,,,,,,,,,,,,,,,,,,,,,,,,,,,2024-01-21
USW00094728,2024-01-22,,,,,-106.0,10328.0,10278.0,-39.0,,32.0,,,,,,,,,,,,,,,,,,,,,,,0,,47.0,33.0,60.0,,,,,,,,,,,,,,,,,,,,,,,,,,,,,0,30,,,,,,,,,,,,,,,,,,,,,,,,,,,,,,,,,,33,-38,,,,230.0,20.0,,,,,,,,67.0,98.0,,,,,,,,,,,,,,,,,,,,,,,,,,,,,,,,,,2024-01-22
USW00094728,2024-01-23,,,,,-44.0,10322.0,10271.0,6.0,,22.0,,,,,,,,,,,,,,,,,,,,,,,13,,61.0,39.0,76.0,,,,,,,,,,,,,,,,,,,,,,,,,,,,,0,30,,,,,,,,,,,,,,,,,,,,,,,,,,,,,,,,,,44,11,,,,340.0,30.0,,,,,,,,72.0,125.0,,,,,,,,,,,1.0,,,,,,,,,,,,,,,,,,,,,,,2024-01-23
USW00094728,2024-01-24,,,,,33.0,10301.0,10247.0,50.0,,,,,,,,,,,,,,,,,,,,,,,,,13,,84.0,67.0,90.0,,,,,,,,,,,,,,,,,,,,,,,,,,,,,0,0,,,,,,,,,,,,,,,,,,,,,,,,,,,,,,,,,,89,33,,,,90.0,30.0,,,,,,,,54.0,165.0,,,,1.0,,,,,,,1.0,,,,,,,,,,,,,,,,,,,,,,,2024-01-24
USW00094728,2024-01-25,,,,,94.0,10207.0,10156.0,106.0,,19.0,,,,,,,,,,,,,,,,,,,,,,,61,,85.0,77.0,93.0,,,,,,,,,,,,,,,,,,,,,,,,,,,,,0,0,,,,,,,,,,,,,,,,,,,,,,,,,,,,,,,,,,150,78,,,,90.0,30.0,,,,,,,,58.0,103.0,,,,1.0,,,,,,,1.0,,,,,,,,,,,,,,,,,,,,,,,2024-01-25
USW00094728,2024-01-26,,,,,44.0,10179.0,10132.0,56.0,,25.0,,,,,,,,,,,,,,,,,,,,,,,48,,88.0,85.0,93.0,,,,,,,,,,,,,,,,,,,,,,,,,,,,,0,0,,,,,,,,,,,,,,,,,,,,,,,,,,,,,,,,,,78,56,,,,50.0,40.0,,,,,,,,58.0,134.0,,,,1.0,,,,,,,,,,,,,,,,,,,,,,,,,,,,,,2024-01-26
USW00094728,2024-01-27,,,,,33.0,10220.0,10169.0,56.0,,,,,,,,,,,,,,,,,,,,,,,,,0,,75.0,63.0,93.0,,,,,,,,,,,,,,,,,,,,,,,,,,,,,0,0,,,,,,,,,,,,,,,,,,,,,,,,,,,,,,,,,,94,61,,,,10.0,30.0,,,,,,,,49.0,165.0,,,,1.0,,,,,,,,,,,,,,,,,,,,,,,,,,,,,,2024-01-27
USW00094728,2024-01-28,,,,,22.0,10095.0,10054.0,33.0,,42.0,,,,,,,,,,,,,,,,,,,,,,,208,,88.0,76.0,89.0,,,,,,,,,,,,,,,,,,,,,,,,,,,,,0,0,,,,,,,,,,,,,,,,,,,,,,,,,,,,,,,,,,67,28,,,,60.0,50.0,,,,,,,,116.0,197.0,,,,1.0,,,,,,,,,,,,,,,,,,,,,,,,,,,,,,2024-01-28
USW00094728,2024-01-29,,,,,-11.0,10108.0,10047.0,17.0,,34.0,,,,,,,,,,,,,,,,,,,,,,,13,,73.0,65.0,89.0,,,,,,,,,,,,,,,,,,,,,,,,,,,,,0,0,,,,,,,,,,,,,,,,,,,,,,,,,,,,,,,,,,44,22,,,,30.0,40.0,,,,,,,,76.0,157.0,,,,1.0,,,,,,,,,,,,,,,,,,,,,,,,,,,,,,2024-01-29
USW00094728,2024-01-30,,,,,-39.0,10220.0,10166.0,0.0,,21.0,,,,,,,,,,,,,,,,,,,,,,,0,,66.0,57.0,85.0,,,,,,,,,,,,,,,,,,,,,,,,,,,,,0,0,,,,,,,,,,,,,,,,,,,,,,,,,,,,,,,,,,33,17,,,,70.0,70.0,,,,,,,,63.0,116.0,,,,1.0,,,,,,,1.0,,,,,,,,,,,,,,,,,,,,,,,2024-01-30
USW00094728,2024-01-31,,,,,-17.0,10196.0,10149.0,11.0,,16.0,,,,,,,,,,,,,,,,,,,,,,,0,,71.0,65.0,85.0,,,,,,,,,,,,,,,,,,,,,,,,,,,,,0,0,,,,,,,,,,,,,,,,,,,,,,,,,,,,,,,,,,44,11,,,,80.0,80.0,,,,,,,,45.0,89.0,,,,1.0,,,,,,,1.0,,,,,,,,,,,,,,,,,,,,,,,2024-01-31
USW00094728,2024-02-01,,,,,0.0,10149.0,10102.0,33.0,,17.0,,,,,,,,,,,,,,,,,,,,,,,0,,66.0,58.0,79.0,,,,,,,,,,,,,,,,,,,,,,,,,,,,,0,0,,,,,,,,,,,,,,,,,,,,,,,,,,,,,,,,,,78,28,,,,250.0,220.0,,,,,,,,54.0,85.0,,,,,,,,,,,1.0,,,,,,,,,,,,,,,,,,,,,,,2024-02-01
USW00094728,2024-02-02,,,,,11.0,10122.0,10064.0,39.0,,26.0,,,,,,,,,,,,,,,,,,,,,,,81,,76.0,57.0,89.0,,,,,,,,,,,,,,,,,,,,,,,,,,,,,0,0,,,,,,,,,,,,,,,,,,,,,,,,,,,,,,,,,,78,33,,,,360.0,360.0,,,,,,,,58.0,112.0,,,,1.0,,,,,,,1.0,,,,,,,,,,,,,,,,,,,,,,,2024-02-02
USW00094728,2024-02-03,,,,,-61.0,10169.0,10122.0,-6.0,,37.0,,,,,,,,,,,,,,,,,,,,,,,0,,51.0,37.0,66.0,,,,,,,,,,,,,,,,,,,,,,,,,,,,,0,0,,,,,,,,,,,,,,,,,,,,,,,,,,,,,,,,,,61,0,,,,10.0,10.0,,,,,,,,67.0,107.0,,,,,,,,,,,,,,,,,,,,,,,,,,,,,,,,,,2024-02-03
USW00094728,2024-02-04,,,,,-72.0,10152.0,10102.0,-6.0,,23.0,,,,,,,,,,,,,,,,,,,,,,,0,,47.0,31.0,61.0,,,,,,,,,,,,,,,,,,,,,,,,,,,,,0,0,,,,,,,,,,,,,,,,,,,,,,,,,,,,,,,,,,78,-5,,,,20.0,20.0,,,,,,,,63.0,94.0,,,,,,,,,,,,,,,,,,,,,,,,,,,,,,,,,,2024-02-04
USW00094728,2024-02-05,,,,,-100.0,10142.0,10091.0,-17.0,,33.0,,,,,,,,,,,,,,,,,,,,,,,0,,39.0,27.0,54.0,,,,,,,,,,,,,,,,,,,,,,,,,,,,,0,0,,,,,,,,,,,,,,,,,,,,,,,,,,,,,,,,,,72,0,,,,40.0,40.0,,,,,,,,76.0,157.0,,,,,,,,,,,,,,,,,,,,,,,,,,,,,,,,,,2024-02-05
USW00094728,2024-02-06,,,,,-94.0,10217.0,10166.0,-22.0,,30.0,,,,,,,,,,,,,,,,,,,,,,,0,,44.0,33.0,54.0,,,,,,,,,,,,,,,,,,,,,,,,,,,,,0,0,,,,,,,,,,,,,,,,,,,,,,,,,,,,,,,,,,56,-16,,,,40.0,30.0,,,,,,,,67.0,103.0,,,,,,,,,,,,,,,,,,,,,,,,,,,,,,,,,,2024-02-06
USW00094728,2024-02-07,,,,,-61.0,10254.0,10203.0,6.0,,19.0,,,,,,,,,,,,,,,,,,,,,,,0,,46.0,35.0,59.0,,,,,,,,,,,,,,,,,,,,,,,,,,,,,0,0,,,,,,,,,,,,,,,,,,,,,,,,,,,,,,,,,,89,6,,,,60.0,50.0,,,,,,,,40.0,63.0,,,,,,,,,,,,,,,,,,,,,,,,,,,,,,,,,,2024-02-07
USW00094728,2024-02-08,,,,,-39.0,10251.0,10203.0,28.0,,14.0,,,,,,,,,,,,,,,,,,,,,,,0,,47.0,29.0,68.0,,,,,,,,,,,,,,,,,,,,,,,,,,,,,0,0,,,,,,,,,,,,,,,,,,,,,,,,,,,,,,,,,,117,28,,,,180.0,170.0,,,,,,,,40.0,67.0,,,,,,,,,,,,,,,,,,,,,,,,,,,,,,,,,,2024-02-08
USW00094728,2024-02-09,,,,,22.0,10186.0,10135.0,56.0,,19.0,,,,,,,,,,,,,,,,,,,,,,,0,,65.0,49.0,83.0,,,,,,,,,,,,,,,,,,,,,,,,,,,,,0,0,,,,,,,,,,,,,,,,,,,,,,,,,,,,,,,,,,128,61,,,,140.0,170.0,,,,,,,,45.0,98.0,,,,,,,,,,,,,,,,,,,,,,,,,,,,,,,,,,2024-02-09
USW00094728,2024-02-10,,,,,44.0,10105.0,10058.0,83.0,,14.0,,,,,,,,,,,,,,,,,,,,,,,0,,60.0,53.0,69.0,,,,,,,,,,,,,,,,,,,,,,,,,,,,,0,0,,,,,,,,,,,,,,,,,,,,,,,,,,,,,,,,,,156,83,,,,220.0,220.0,,,,,,,,45.0,76.0,,,,,,,,,,,,,,,,,,,,,,,,,,,,,,,,,,2024-02-10
USW00094728,2024-02-11,,,,,0.0,10125.0,10078.0,50.0,,26.0,,,,,,,,,,,,,,,,,,,,,,,0,,55.0,46.0,72.0,,,,,,,,,,,,,,,,,,,,,,,,,,,,,0,0,,,,,,,,,,,,,,,,,,,,,,,,,,,,,,,,,,133,61,,,,310.0,290.0,,,,,,,,58.0,98.0,,,,,,,,,,,,,,,,,,,,,,,,,,,,,,,,,,2024-02-11
USW00094728,2024-02-12,,,,,-22.0,10115.0,10068.0,22.0,,19.0,,,,,,,,,,,,,,,,,,,,,,,0,,58.0,48.0,68.0,,,,,,,,,,,,,,,,,,,,,,,,,,,,,0,0,,,,,,,,,,,,,,,,,,,,,,,,,,,,,,,,,,89,28,,,,60.0,60.0,,,,,,,,63.0,94.0,,,,,,,,,,,,,,,,,,,,,,,,,,,,,,,,,,2024-02-12
USW00094728,2024-02-13,,,,,-22.0,10030.0,9973.0,6.0,,38.0,,,,,,,,,,,,,,,,,,,,,,,196,,73.0,50.0,92.0,,,,,,,,,,,,,,,,,,,,,,,,,,,,,81,30,,,,,,,,,,,,,,,,,,,,,,,,,,,,,,,,,,50,6,,,,70.0,40.0,,,,,,,,76.0,121.0,,,,1.0,1.0,,,,,,,,,,,,,,,,,,,,,,,,,,,,,2024-02-13
USW00094728,2024-02-14,,,,,-117.0,10163.0,10108.0,-33.0,,51.0,,,,,,,,,,,,,,,,,,,,,,,0,,41.0,31.0,59.0,,,,,,,,,,,,,,,,,,,,,,,,,,,,,0,50,,,,,,,,,,,,,,,,,,,,,,,,,,,,,,,,,,33,-16,,,,300.0,300.0,,,,,,,,98.0,165.0,,,,,,,,,,,,,,,,,,,,,,,,,,,,,,,,,,2024-02-14
USW00094728,2024-02-15,,,,,-89.0,10173.0,10122.0,-22.0,,27.0,,,,,,,,,,,,,,,,,,,,,,,0,,50.0,31.0,65.0,,,,,,,,,,,,,,,,,,,,,,,,,,,,,0,0,,,,,,,,,,,,,,,,,,,,,,,,,,,,,,,,,,39,-27,,,,310.0,320.0,,,,,,,,58.0,112.0,,,,,,,,,,,,,,,,,,,,,,,,,,,,,,,,,,2024-02-15
USW00094728,2024-02-16,,,,,-100.0,10108.0,10061.0,-6.0,,37.0,,,,,,,,,,,,,,,,,,,,,,,0,,38.0,25.0,65.0,,,,,,,,,,,,,,,,,,,,,,,,,,,,,0,0,,,,,,,,,,,,,,,,,,,,,,,,,,,,,,,,,,61,22,,,,310.0,320.0,,,,,,,,89.0,152.0,,,,,,,,,,,,,,,,,,,,,,,,,,,,,,,,,,2024-02-16
USW00094728,2024-02-17,,,,,-61.0,10091.0,10041.0,-22.0,,34.0,,,,,,,,,,,,,,,,,,,,,,,46,,66.0,35.0,89.0,,,,,,,,,,,,,,,,,,,,,,,,,,,,,51,50,,,,,,,,,,,,,,,,,,,,,,,,,,,,,,,,,,22,-27,,,,310.0,310.0,,,,,,,,67.0,130.0,,,,1.0,,,,,,,1.0,,,,,,,,,,,,,,,,,,,,,,,2024-02-17
USW00094728,2024-02-18,,,,,-106.0,10112.0,10064.0,-28.0,,32.0,,,,,,,,,,,,,,,,,,,,,,,0,,43.0,32.0,63.0,,,,,,,,,,,,,,,,,,,,,,,,,,,,,0,0,,,,,,,,,,,,,,,,,,,,,,,,,,,,,,,,,,44,-32,,,,240.0,270.0,,,,,,,,81.0,148.0,,,,,,,,,,,,,,,,,,,,,,,,,,,,,,,,,,2024-02-18
USW00094728,2024-02-19,,,,,-117.0,10210.0,10146.0,-22.0,,22.0,,,,,,,,,,,,,,,,,,,,,,,0,,36.0,24.0,49.0,,,,,,,,,,,,,,,,,,,,,,,,,,,,,0,0,,,,,,,,,,,,,,,,,,,,,,,,,,,,,,,,,,50,-5,,,,300.0,300.0,,,,,,,,67.0,107.0,,,,,,,,,,,,,,,,,,,,,,,,,,,,,,,,,,2024-02-19
USW00094728,2024-02-20,,,,,-128.0,10315.0,10257.0,-33.0,,24.0,,,,,,,,,,,,,,,,,,,,,,,0,,38.0,28.0,50.0,,,,,,,,,,,,,,,,,,,,,,,,,,,,,0,0,,,,,,,,,,,,,,,,,,,,,,,,,,,,,,,,,,44,-32,,,,40.0,20.0,,,,,,,,67.0,103.0,,,,,,,,,,,,,,,,,,,,,,,,,,,,,,,,,,2024-02-20
USW00094728,2024-02-21,,,,,-56.0,10298.0,10251.0,-6.0,,21.0,,,,,,,,,,,,,,,,,,,,,,,0,,59.0,45.0,66.0,,,,,,,,,,,,,,,,,,,,,,,,,,,,,0,0,,,,,,,,,,,,,,,,,,,,,,,,,,,,,,,,,,61,-10,,,,130.0,120.0,,,,,,,,54.0,81.0,,,,,,,,,,,,,,,,,,,,,,,,,,,,,,,,,,2024-02-21
USW00094728,2024-02-22,,,,,-11.0,10146.0,10119.0,22.0,,17.0,,,,,,,,,,,,,,,,,,,,,,,10,,68.0,54.0,85.0,,,,,,,,,,,,,,,,,,,,,,,,,,,,,0,0,,,,,,,,,,,,,,,,,,,,,,,,,,,,,,,,,,72,17,,,,130.0,180.0,,,,,,,,58.0,89.0,,,,1.0,,,,,,,,,,,,,,,,,,,,,,,,,,,,,,2024-02-22
USW00094728,2024-02-23,,,,,39.0,9990.0,9949.0,56.0,,13.0,,,,,,,,,,,,,,,,,,,,,,,10,,79.0,69.0,89.0,,,,,,,,,,,,,,,,,,,,,,,,,,,,,0,0,,,,,,,,,,,,,,,,,,,,,,,,,,,,,,,,,,83,56,,,,300.0,290.0,,,,,,,,40.0,67.0,,,,1.0,,,,,,,1.0,,,,,,,,,,,,,,,,,,,,,,,2024-02-23
USW00094728,2024-02-24,,,,,-83.0,10061.0,9990.0,0.0,,29.0,,,,,,,,,,,,,,,,,,,,,,,0,,43.0,21.0,76.0,,,,,,,,,,,,,,,,,,,,,,,,,,,,,0,0,,,,,,,,,,,,,,,,,,,,,,,,,,,,,,,,,,67,-21,,,,300.0,300.0,,,,,,,,72.0,103.0,,,,,,,,,,,,,,,,,,,,,,,,,,,,,,,,,,2024-02-24
USW00094728,2024-02-25,,,,,-122.0,10193.0,10142.0,-39.0,,19.0,,,,,,,,,,,,,,,,,,,,,,,0,,41.0,27.0,62.0,,,,,,,,,,,,,,,,,,,,,,,,,,,,,0,0,,,,,,,,,,,,,,,,,,,,,,,,,,,,,,,,,,50,-49,,,,220.0,190.0,,,,,,,,58.0,94.0,,,,,,,,,,,,,,,,,,,,,,,,,,,,,,,,,,2024-02-25
USW00094728,2024-02-26,,,,,-11.0,10169.0,10119.0,33.0,,20.0,,,,,,,,,,,,,,,,,,,,,,,3,,58.0,42.0,66.0,,,,,,,,,,,,,,,,,,,,,,,,,,,,,0,0,,,,,,,,,,,,,,,,,,,,,,,,,,,,,,,,,,128,17,,,,220.0,210.0,,,,,,,,58.0,103.0,,,,,,,,,,,,,,,,,,,,,,,,,,,,,,,,,,2024-02-26
USW00094728,2024-02-27,,,,,50.0,10146.0,10108.0,72.0,,22.0,,,,,,,,,,,,,,,,,,,,,,,132,,78.0,59.0,89.0,,,,,,,,,,,,,,,,,,,,,,,,,,,,,0,0,,,,,,,,,,,,,,,,,,,,,,,,,,,,,,,,,,128,44,,,,140.0,200.0,,,,,,,,54.0,89.0,,,,1.0,,,,,,,1.0,,,,,,,,,,,,,,,,,,,,,,,2024-02-27
USW00094728,2024-02-28,,,,,94.0,10047.0,10003.0,111.0,,34.0,,,,,,,,,,,,,,,,,,,,,,,43,,83.0,54.0,89.0,,,,,,,,,,,,,,,,,,,,,,,,,,,,,0,0,,,,,,,,,,,,,,,,,,,,,,,,,,,,,,,,,,167,67,,,,280.0,290.0,,,,,,,,125.0,219.0,,,,1.0,,,,,,,1.0,,,,,,,,,,,,,,,,,,,,,,,2024-02-28
USW00094728,2024-02-29,,,,,-56.0,10237.0,10163.0,0.0,,45.0,,,,,,,,,,,,,,,,,,,,,,,0,,59.0,27.0,100.0,,,,,,,,,,,,,,,,,,,,,,,,,,,,,0,0,,,,,,,,,,,,,,,,,,,,,,,,,,,,,,,,,,61,-5,,,,310.0,320.0,,,,,,,,107.0,192.0,,,,,,,,,,,,,,,,,,,,,,,,,,,,,,,,,,2024-02-29
USW00094728,2024-03-01,,,,,-72.0,10352.0,10295.0,0.0,,19.0,,,,,,,,,,,,,,,,,,,,,,,0,,48.0,29.0,73.0,,,,,,,,,,,,,,,,,,,,,,,,,,,,,0,0,,,,,,,,,,,,,,,,,,,,,,,,,,,,,,,,,,89,-10,,,,140.0,130.0,,,,,,,,63.0,103.0,,,,,,,,,,,,,,,,,,,,,,,,,,,,,,,,,,2024-03-01
USW00094728,2024-03-02,,,,,50.0,10247.0,10213.0,72.0,,20.0,,,,,,,,,,,,,,,,,,,,,,,323,,81.0,48.0,96.0,,,,,,,,,,,,,,,,,,,,,,,,,,,,,0,0,,,,,,,,,,,,,,,,,,,,,,,,,,,,,,,,,,128,56,,,,130.0,100.0,,,,,,,,54.0,112.0,,,,1.0,,,,,,,1.0,,,,,,,,,,,,,,,,,,,,,,,2024-03-02
USW00094728,2024-03-03,,,,,44.0,10213.0,10156.0,94.0,,19.0,,,,,,,,,,,,,,,,,,,,,,,0,,54.0,43.0,75.0,,,,,,,,,,,,,,,,,,,,,,,,,,,,,0,0,,,,,,,,,,,,,,,,,,,,,,,,,,,,,,,,,,200,89,,,,60.0,290.0,,,,,,,,54.0,81.0,,,,1.0,,,,,,,1.0,,,,,,,,,,,,,,,,,,,,,,,2024-03-03
USW00094728,2024-03-04,,,,,61.0,10278.0,10224.0,89.0,,26.0,,,,,,,,,,,,,,,,,,,,,,,0,,71.0,60.0,83.0,,,,,,,,,,,,,,,,,,,,,,,,,,,,,0,0,,,,,,,,,,,,,,,,,,,,,,,,,,,,,,,,,,150,78,,,,100.0,90.0,,,,,,,,58.0,98.0,,,,,,,,,,,1.0,,,,,,,,,,,,,,,,,,,,,,,2024-03-04
USW00094728,2024-03-05,,,,,50.0,10203.0,10163.0,61.0,,41.0,,,,,,,,,,,,,,,,,,,,,,,109,,88.0,80.0,93.0,,,,,,,,,,,,,,,,,,,,,,,,,,,,,0,0,,,,,,,,,,,,,,,,,,,,,,,,,,,,,,,,,,94,56,,,,60.0,70.0,,,,,,,,103.0,165.0,,,,1.0,,,,,,,1.0,,,,,,,,,,,,,,,,,,,,,,,2024-03-05
USW00094728,2024-03-06,,,,,72.0,10146.0,10095.0,83.0,,21.0,,,,,,,,,,,,,,,,,,,,,,,305,,87.0,77.0,93.0,,,,,,,,,,,,,,,,,,,,,,,,,,,,,0,0,,,,,,,,,,,,,,,,,,,,,,,,,,,,,,,,,,117,83,,,,60.0,60.0,,,,,,,,94.0,134.0,,,,1.0,,,,,,,1.0,,,,,,,,,,,,,,,,,,,,,,,2024-03-06
USW00094728,2024-03-07,,,,,56.0,10125.0,10058.0,78.0,,35.0,,,,,,,,,,,,,,,,,,,,,,,28,,72.0,61.0,92.0,,,,,,,,,,,,,,,,,,,,,,,,,,,,,0,0,,,,,,,,,,,,,,,,,,,,,,,,,,,,,,,,,,122,67,,,,20.0,40.0,,,,,,,,89.0,139.0,,,,1.0,,,,,,,,,,,,,,,,,,,,,,,,,,,,,,2024-03-07
USW00094728,2024-03-08,,,,,-22.0,10251.0,10200.0,39.0,,23.0,,,,,,,,,,,,,,,,,,,,,,,0,,51.0,21.0,71.0,,,,,,,,,,,,,,,,,,,,,,,,,,,,,0,0,,,,,,,,,,,,,,,,,,,,,,,,,,,,,,,,,,139,44,,,,60.0,40.0,,,,,,,,67.0,107.0,,,,,,,,,,,,,,,,,,,,,,,,,,,,,,,,,,2024-03-08
USW00094728,2024-03-09,,,,,33.0,10159.0,10078.0,50.0,,33.0,,,,,,,,,,,,,,,,,,,,,,,389,,79.0,68.0,90.0,,,,,,,,,,,,,,,,,,,,,,,,,,,,,0,0,,,,,,,,,,,,,,,,,,,,,,,,,,,,,,,,,,94,50,,,,90.0,100.0,,,,,,,,89.0,143.0,,,,1.0,,,,,,,1.0,,,,,,,,,,,,,,,,,,,,,,,2024-03-09
USW00094728,2024-03-10,,,,,0.0,9966.0,9915.0,39.0,,43.0,,,,,,,,,,,,,,,,,,,,,,,8,,64.0,46.0,89.0,,,,,,,,,,,,,,,,,,,,,,,,,,,,,0,0,,,,,,,,,,,,,,,,,,,,,,,,,,,,,,,,,,106,28,,,,280.0,270.0,,,,,,,,98.0,170.0,,,,1.0,,,,,,,,,,,,,,,,,,,,,,,,,,,,,,2024-03-10
USW00094728,2024-03-11,,,,,-94.0,10047.0,10000.0,11.0,,57.0,,,,,,,,,,,,,,,,,,,,,,,0,,33.0,15.0,64.0,,,,,,,,,,,,,,,,,,,,,,,,,,,,,0,0,,,,,,,,,,,,,,,,,,,,,,,,,,,,,,,,,,111,17,,,,310.0,290.0,,,,,,,,116.0,237.0,,,,,,,,,,,1.0,,,,,,,,,,,,,,,,,,,,,,,2024-03-11
USW00094728,2024-03-12,,,,,-44.0,10095.0,10047.0,56.0,,27.0,,,,,,,,,,,,,,,,,,,,,,,0,,30.0,21.0,39.0,,,,,,,,,,,,,,,,,,,,,,,,,,,,,0,0,,,,,,,,,,,,,,,,,,,,,,,,,,,,,,,,,,189,61,,,,280.0,270.0,,,,,,,,67.0,121.0,,,,,,,,,,,,,,,,,,,,,,,,,,,,,,,,,,2024-03-12
USW00094728,2024-03-13,,,,,0.0,10129.0,10075.0,67.0,,16.0,,,,,,,,,,,,,,,,,,,,,,,0,,45.0,26.0,74.0,,,,,,,,,,,,,,,,,,,,,,,,,,,,,0,0,,,,,,,,,,,,,,,,,,,,,,,,,,,,,,,,,,167,89,,,,140.0,140.0,,,,,,,,54.0,89.0,,,,,,,,,,,,,,,,,,,,,,,,,,,,,,,,,,2024-03-13
USW00094728,2024-03-14,,,,,39.0,10152.0,10105.0,89.0,,11.0,,,,,,,,,,,,,,,,,,,,,,,0,,53.0,26.0,79.0,,,,,,,,,,,,,,,,,,,,,,,,,,,,,0,0,,,,,,,,,,,,,,,,,,,,,,,,,,,,,,,,,,233,78,,,,140.0,130.0,,,,,,,,54.0,89.0,,,,,,,,,,,,,,,,,,,,,,,,,,,,,,,,,,2024-03-14
USW00094728,2024-03-15,,,,,56.0,10068.0,10020.0,111.0,,30.0,,,,,,,,,,,,,,,,,,,,,,,0,,50.0,35.0,66.0,,,,,,,,,,,,,,,,,,,,,,,,,,,,,0,0,,,,,,,,,,,,,,,,,,,,,,,,,,,,,,,,,,228,106,,,,300.0,290.0,,,,,,,,81.0,125.0,,,,,,,,,,,,,,,,,,,,,,,,,,,,,,,,,,2024-03-15
USW00094728,2024-03-16,,,,,17.0,10088.0,10041.0,72.0,,20.0,,,,,,,,,,,,,,,,,,,,,,,0,,51.0,33.0,66.0,,,,,,,,,,,,,,,,,,,,,,,,,,,,,0,0,,,,,,,,,,,,,,,,,,,,,,,,,,,,,,,,,,161,83,,,,140.0,180.0,,,,,,,,58.0,103.0,,,,,,,,,,,,,,,,,,,,,,,,,,,,,,,,,,2024-03-16
USW00094728,2024-03-17,,,,,-6.0,10024.0,9976.0,72.0,,30.0,,,,,,,,,,,,,,,,,,,,,,,0,,42.0,22.0,72.0,,,,,,,,,,,,,,,,,,,,,,,,,,,,,0,0,,,,,,,,,,,,,,,,,,,,,,,,,,,,,,,,,,172,89,,,,280.0,280.0,,,,,,,,81.0,139.0,,,,,,,,,,,,,,,,,,,,,,,,,,,,,,,,,,2024-03-17
USW00094728,2024-03-18,,,,,-72.0,10061.0,10010.0,17.0,,33.0,,,,,,,,,,,,,,,,,,,,,,,0,,37.0,28.0,46.0,,,,,,,,,,,,,,,,,,,,,,,,,,,,,0,0,,,,,,,,,,,,,,,,,,,,,,,,,,,,,,,,,,106,33,,,,310.0,320.0,,,,,,,,76.0,130.0,,,,,,,,,,,,,,,,,,,,,,,,,,,,,,,,,,2024-03-18
USW00094728,2024-03-19,,,,,-72.0,10071.0,10020.0,6.0,,34.0,,,,,,,,,,,,,,,,,,,,,,,0,,44.0,25.0,70.0,,,,,,,,,,,,,,,,,,,,,,,,,,,,,0,0,,,,,,,,,,,,,,,,,,,,,,,,,,,,,,,,,,89,22,,,,240.0,250.0,,,,,,,,76.0,139.0,,,,,,,,,,,,,,,,,,,,,,,,,,,,,,,,,,2024-03-19
USW00094728,2024-03-20,,,,,-33.0,10054.0,10003.0,28.0,,30.0,,,,,,,,,,,,,,,,,,,,,,,3,,48.0,31.0,73.0,,,,,,,,,,,,,,,,,,,,,,,,,,,,,0,0,,,,,,,,,,,,,,,,,,,,,,,,,,,,,,,,,,139,11,,,,310.0,320.0,,,,,,,,98.0,174.0,,,,,,,,,,,,,,,,,,,,,,,,,,,,,,,,,,2024-03-20
USW00094728,2024-03-21,,,,,-139.0,10196.0,10146.0,-28.0,,41.0,,,,,,,,,,,,,,,,,,,,,,,0,,31.0,22.0,41.0,,,,,,,,,,,,,,,,,,,,,,,,,,,,,0,0,,,,,,,,,,,,,,,,,,,,,,,,,,,,,,,,,,61,-10,,,,280.0,280.0,,,,,,,,89.0,165.0,,,,,,,,,,,,,,,,,,,,,,,,,,,,,,,,,,2024-03-21
USW00094728,2024-03-22,,,,,-94.0,10271.0,10220.0,-11.0,,22.0,,,,,,,,,,,,,,,,,,,,,,,0,,43.0,21.0,62.0,,,,,,,,,,,,,,,,,,,,,,,,,,,,,0,0,,,,,,,,,,,,,,,,,,,,,,,,,,,,,,,,,,78,-16,,,,300.0,280.0,,,,,,,,58.0,103.0,,,,,,,,,,,,,,,,,,,,,,,,,,,,,,,,,,2024-03-22
USW00094728,2024-03-23,,,,,28.0,10112.0,10058.0,44.0,,32.0,,,,,,,,,,,,,,,,,,,,,,,930,,82.0,57.0,93.0,,,,,,,,,,,,,,,,,,,,,,,,,,,,,0,0,,,,,,,,,,,,,,,,,,,,,,,,,,,,,,,,,,100,17,,,,300.0,300.0,,,,,,,,81.0,157.0,,,,1.0,1.0,,,,,,1.0,,,,,,,,,,,,,,,,,,,,,,,2024-03-23
USW00094728,2024-03-24,,,,,-94.0,10244.0,10193.0,-6.0,,35.0,,,,,,,,,,,,,,,,,,,,,,,0,,39.0,25.0,54.0,,,,,,,,,,,,,,,,,,,,,,,,,,,,,0,0,,,,,,,,,,,,,,,,,,,,,,,,,,,,,,,,,,89,-5,,,,20.0,50.0,,,,,,,,72.0,116.0,,,,,,,,,,,,,,,,,,,,,,,,,,,,,,,,,,2024-03-24
USW00094728,2024-03-25,,,,,-61.0,10295.0,10247.0,17.0,,39.0,,,,,,,,,,,,,,,,,,,,,,,0,,41.0,30.0,57.0,,,,,,,,,,,,,,,,,,,,,,,,,,,,,0,0,,,,,,,,,,,,,,,,,,,,,,,,,,,,,,,,,,117,17,,,,60.0,40.0,,,,,,,,112.0,161.0,,,,,,,,,,,,,,,,,,,,,,,,,,,,,,,,,,2024-03-25
USW00094728,2024-03-26,,,,,-6.0,10224.0,10176.0,44.0,,27.0,,,,,,,,,,,,,,,,,,,,,,,0,,58.0,38.0,77.0,,,,,,,,,,,,,,,,,,,,,,,,,,,,,0,0,,,,,,,,,,,,,,,,,,,,,,,,,,,,,,,,,,117,39,,,,40.0,60.0,,,,,,,,72.0,107.0,,,,,,,,,,,,,,,,,,,,,,,,,,,,,,,,,,2024-03-26
USW00094728,2024-03-27,,,,,44.0,10190.0,10139.0,67.0,,12.0,,,,,,,,,,,,,,,,,,,,,,,15,,76.0,59.0,86.0,,,,,,,,,,,,,,,,,,,,,,,,,,,,,0,0,,,,,,,,,,,,,,,,,,,,,,,,,,,,,,,,,,111,56,,,,240.0,240.0,,,,,,,,54.0,72.0,,,,1.0,,,,,,,1.0,,,,,,,,,,,,,,,,,,,,,,,2024-03-27
USW00094728,2024-03-28,,,,,61.0,10132.0,10091.0,78.0,,21.0,,,,,,,,,,,,,,,,,,,,,,,178,,84.0,53.0,93.0,,,,,,,,,,,,,,,,,,,,,,,,,,,,,0,0,,,,,,,,,,,,,,,,,,,,,,,,,,,,,,,,,,106,67,,,,30.0,290.0,,,,,,,,58.0,89.0,,,,1.0,,,,,,,,,,,,,,,,,,,,,,,,,,,,,,2024-03-28
USW00094728,2024-03-29,,,,,-61.0,10071.0,10024.0,28.0,,50.0,,,,,,,,,,,,,,,,,,,,,,,0,,36.0,25.0,47.0,,,,,,,,,,,,,,,,,,,,,,,,,,,,,0,0,,,,,,,,,,,,,,,,,,,,,,,,,,,,,,,,,,133,56,,,,300.0,300.0,,,,,,,,103.0,179.0,,,,,,,,,,,,,,,,,,,,,,,,,,,,,,,,,,2024-03-29
USW00094728,2024-03-30,,,,,-33.0,10078.0,10030.0,50.0,,38.0,,,,,,,,,,,,,,,,,,,,,,,10,,43.0,17.0,83.0,,,,,,,,,,,,,,,,,,,,,,,,,,,,,0,0,,,,,,,,,,,,,,,,,,,,,,,,,,,,,,,,,,167,50,,,,240.0,280.0,,,,,,,,81.0,143.0,,,,,,,,,,,,,,,,,,,,,,,,,,,,,,,,,,2024-03-30
USW00094728,2024-03-31,,,,,6.0,10115.0,10068.0,72.0,,20.0,,,,,,,,,,,,,,,,,,,,,,,5,,44.0,31.0,80.0,,,,,,,,,,,,,,,,,,,,,,,,,,,,,0,0,,,,,,,,,,,,,,,,,,,,,,,,,,,,,,,,,,167,83,,,,300.0,300.0,,,,,,,,63.0,103.0,,,,,,,,,,,1.0,,,,,,,,,,,,,,,,,,,,,,,2024-03-31
USW00094728,2024-04-01,,,,,22.0,10142.0,10095.0,67.0,,13.0,,,,,,,,,,,,,,,,,,,,,,,3,,55.0,43.0,69.0,,,,,,,,,,,,,,,,,,,,,,,,,,,,,0,0,,,,,,,,,,,,,,,,,,,,,,,,,,,,,,,,,,122,94,,,,90.0,100.0,,,,,,,,45.0,72.0,,,,,,,,,,,1.0,,,,,,,,,,,,,,,,,,,,,,,2024-04-01
USW00094728,2024-04-02,,,,,56.0,10129.0,10078.0,72.0,,31.0,,,,,,,,,,,,,,,,,,,,,,,221,,84.0,71.0,90.0,,,,,,,,,,,,,,,,,,,,,,,,,,,,,0,0,,,,,,,,,,,,,,,,,,,,,,,,,,,,,,,,,,106,67,,,,50.0,60.0,,,,,,,,67.0,103.0,,,,1.0,,,,,,,,,,,,,,,,,,,,,,,,,,,,,,2024-04-02
USW00094728,2024-04-03,,,,,39.0,10030.0,9983.0,50.0,,63.0,,,,,,,,,,,,,,,,,,,,,,,394,,87.0,85.0,89.0,,,,,,,,,,,,,,,,,,,,,,,,,,,,,0,0,,,,,,,,,,,,,,,,,,,,,,,,,,,,,,,,,,72,50,,,,60.0,40.0,,,,,,,,148.0,264.0,,,,1.0,,,,,,,,,,,,,,,,,,,,,,,,,,,,,,2024-04-03
USW00094728,2024-04-04,,,,,0.0,9959.0,9902.0,39.0,,30.0,,,,,,,,,,,,,,,,,,,,,,,53,,67.0,45.0,93.0,,,,,,,,,,,,,,,,,,,,,,,,,,,,,0,0,,,,,,,,,,,,,,,,,,,,,,,,,,,,,,,,,,117,28,,,,50.0,50.0,,,,,,,,116.0,201.0,,,,1.0,,,,,,,,,,,,,,,,,,,,,,,,,,,,,,2024-04-04
USW00094728,2024-04-05,,,,,-28.0,10037.0,9986.0,28.0,,36.0,,,,,,,,,,,,,,,,,,,,,,,0,,53.0,36.0,76.0,,,,,,,,,,,,,,,,,,,,,,,,,,,,,0,0,,,,,,,,,,,,,,,,,,,,,,,,,,,,,,,,,,100,33,,,,280.0,260.0,,,,,,,,72.0,134.0,,,,,,,,,,,1.0,,,,,,,,,,,,,,,,,,,,,,,2024-04-05
USW00094728,2024-04-06,,,,,-22.0,10095.0,10047.0,39.0,,34.0,,,,,,,,,,,,,,,,,,,,,,,0,,48.0,34.0,65.0,,,,,,,,,,,,,,,,,,,,,,,,,,,,,0,0,,,,,,,,,,,,,,,,,,,,,,,,,,,,,,,,,,122,56,,,,20.0,10.0,,,,,,,,72.0,130.0,,,,,,,,,,,,,,,,,,,,,,,,,,,,,,,,,,2024-04-06
USW00094728,2024-04-07,,,,,-17.0,10176.0,10119.0,50.0,,29.0,,,,,,,,,,,,,,,,,,,,,,,0,,46.0,29.0,63.0,,,,,,,,,,,,,,,,,,,,,,,,,,,,,0,0,,,,,,,,,,,,,,,,,,,,,,,,,,,,,,,,,,156,61,,,,50.0,40.0,,,,,,,,76.0,121.0,,,,,,,,,,,,,,,,,,,,,,,,,,,,,,,,,,2024-04-07
USW00094728,2024-04-08,,,,,-22.0,10200.0,10152.0,67.0,,10.0,,,,,,,,,,,,,,,,,,,,,,,0,,37.0,16.0,61.0,,,,,,,,,,,,,,,,,,,,,,,,,,,,,0,0,,,,,,,,,,,,,,,,,,,,,,,,,,,,,,,,,,206,61,,,,220.0,290.0,,,,,,,,36.0,58.0,,,,,,,,,,,,,,,,,,,,,,,,,,,,,,,,,,2024-04-08
USW00094728,2024-04-09,,,,,22.0,10166.0,10119.0,106.0,,13.0,,,,,,,,,,,,,,,,,,,,,,,0,,36.0,22.0,51.0,,,,,,,,,,,,,,,,,,,,,,,,,,,,,0,0,,,,,,,,,,,,,,,,,,,,,,,,,,,,,,,,,,267,128,,,,170.0,170.0,,,,,,,,54.0,85.0,,,,,,,,,,,,,,,,,,,,,,,,,,,,,,,,,,2024-04-09
USW00094728,2024-04-10,,,,,72.0,10169.0,10122.0,106.0,,30.0,,,,,,,,,,,,,,,,,,,,,,,0,,65.0,54.0,80.0,,,,,,,,,,,,,,,,,,,,,,,,,,,,,0,0,,,,,,,,,,,,,,,,,,,,,,,,,,,,,,,,,,194,106,,,,50.0,60.0,,,,,,,,58.0,94.0,,,,,,,,,,,,,,,,,,,,,,,,,,,,,,,,,,2024-04-10
USW00094728,2024-04-11,,,,,111.0,10122.0,10078.0,122.0,,28.0,,,,,,,,,,,,,,,,,,,,,,,61,,85.0,70.0,93.0,,,,,,,,,,,,,,,,,,,,,,,,,,,,,0,0,,,,,,,,,,,,,,,,,,,,,,,,,,,,,,,,,,161,100,,,,150.0,170.0,,,,,,,,67.0,134.0,,,,1.0,,,,,,,1.0,,,,,,,,,,,,,,,,,,,,,,,2024-04-11
USW00094728,2024-04-12,,,,,94.0,9970.0,9915.0,122.0,,40.0,,,,,,,,,,,,,,,,,,,,,,,86,,71.0,43.0,93.0,,,,,,,,,,,,,,,,,,,,,,,,,,,,,0,0,,,,,,,,,,,,,,,,,,,,,,,,,,,,,,,,,,172,133,,,,230.0,230.0,,,,,,,,76.0,183.0,,,,1.0,,1.0,,,,,1.0,,,,,,,,,,,,,,,,,,,,,,,2024-04-12
USW00094728,2024-04-13,,,,,11.0,10044.0,9997.0,67.0,,52.0,,,,,,,,,,,,,,,,,,,,,,,3,,52.0,43.0,63.0,,,,,,,,,,,,,,,,,,,,,,,,,,,,,0,0,,,,,,,,,,,,,,,,,,,,,,,,,,,,,,,,,,133,83,,,,280.0,280.0,,,,,,,,107.0,197.0,,,,,,,,,,,,,,,,,,,,,,,,,,,,,,,,,,2024-04-13
USW00094728,2024-04-14,,,,,33.0,10095.0,10047.0,94.0,,22.0,,,,,,,,,,,,,,,,,,,,,,,25,,45.0,26.0,80.0,,,,,,,,,,,,,,,,,,,,,,,,,,,,,0,0,,,,,,,,,,,,,,,,,,,,,,,,,,,,,,,,,,239,89,,,,230.0,220.0,,,,,,,,98.0,174.0,,,,,,,,,,,,,,,,,,,,,,,,,,,,,,,,,,2024-04-14
USW00094728,2024-04-15,,,,,67.0,10098.0,10047.0,133.0,,24.0,,,,,,,,,,,,,,,,,,,,,,,0,,44.0,20.0,73.0,,,,,,,,,,,,,,,,,,,,,,,,,,,,,0,0,,,,,,,,,,,,,,,,,,,,,,,,,,,,,,,,,,278,144,,,,40.0,50.0,,,,,,,,76.0,134.0,,,,,,,,,,,,,,,,,,,,,,,,,,,,,,,,,,2024-04-15
USW00094728,2024-04-16,,,,,-6.0,10196.0,10146.0,89.0,,19.0,,,,,,,,,,,,,,,,,,,,,,,0,,32.0,15.0,46.0,,,,,,,,,,,,,,,,,,,,,,,,,,,,,0,0,,,,,,,,,,,,,,,,,,,,,,,,,,,,,,,,,,228,122,,,,310.0,300.0,,,,,,,,63.0,98.0,,,,,,,,,,,,,,,,,,,,,,,,,,,,,,,,,,2024-04-16
USW00094728,2024-04-17,,,,,50.0,10196.0,10152.0,89.0,,31.0,,,,,,,,,,,,,,,,,,,,,,,5,,62.0,44.0,83.0,,,,,,,,,,,,,,,,,,,,,,,,,,,,,0,0,,,,,,,,,,,,,,,,,,,,,,,,,,,,,,,,,,167,100,,,,70.0,50.0,,,,,,,,67.0,98.0,,,,,,,,,,,,,,,,,,,,,,,,,,,,,,,,,,2024-04-17
USW00094728,2024-04-18,,,,,50.0,10190.0,10146.0,72.0,,48.0,,,,,,,,,,,,,,,,,,,,,,,3,,80.0,69.0,90.0,,,,,,,,,,,,,,,,,,,,,,,,,,,,,0,0,,,,,,,,,,,,,,,,,,,,,,,,,,,,,,,,,,100,72,,,,60.0,100.0,,,,,,,,98.0,157.0,,,,1.0,,,,,,,1.0,,,,,,,,,,,,,,,,,,,,,,,2024-04-18
USW00094728,2024-04-19,,,,,50.0,10196.0,10146.0,78.0,,23.0,,,,,,,,,,,,,,,,,,,,,,,0,,68.0,48.0,80.0,,,,,,,,,,,,,,,,,,,,,,,,,,,,,0,0,,,,,,,,,,,,,,,,,,,,,,,,,,,,,,,,,,156,78,,,,60.0,50.0,,,,,,,,58.0,85.0,,,,,,,,,,,,,,,,,,,,,,,,,,,,,,,,,,2024-04-19
USW00094728,2024-04-20,,,,,39.0,10135.0,10091.0,94.0,,19.0,,,,,,,,,,,,,,,,,,,,,,,13,,56.0,22.0,89.0,,,,,,,,,,,,,,,,,,,,,,,,,,,,,0,0,,,,,,,,,,,,,,,,,,,,,,,,,,,,,,,,,,217,83,,,,300.0,350.0,,,,,,,,72.0,125.0,,,,1.0,,,,,,,1.0,,,,,,,,,,,,,,,,,,,,,,,2024-04-20
USW00094728,2024-04-21,,,,,-44.0,10156.0,10108.0,33.0,,24.0,,,,,,,,,,,,,,,,,,,,,,,0,,39.0,30.0,53.0,,,,,,,,,,,,,,,,,,,,,,,,,,,,,0,0,,,,,,,,,,,,,,,,,,,,,,,,,,,,,,,,,,122,56,,,,270.0,280.0,,,,,,,,63.0,98.0,,,,,,,,,,,,,,,,,,,,,,,,,,,,,,,,,,2024-04-21
USW00094728,2024-04-22,,,,,-44.0,10179.0,10129.0,50.0,,18.0,,,,,,,,,,,,,,,,,,,,,,,0,,36.0,17.0,52.0,,,,,,,,,,,,,,,,,,,,,,,,,,,,,0,0,,,,,,,,,,,,,,,,,,,,,,,,,,,,,,,,,,178,56,,,,300.0,50.0,,,,,,,,58.0,98.0,,,,,,,,,,,,,,,,,,,,,,,,,,,,,,,,,,2024-04-22
USW00094728,2024-04-23,,,,,-17.0,10190.0,10139.0,61.0,,22.0,,,,,,,,,,,,,,,,,,,,,,,0,,40.0,25.0,54.0,,,,,,,,,,,,,,,,,,,,,,,,,,,,,0,0,,,,,,,,,,,,,,,,,,,,,,,,,,,,,,,,,,183,78,,,,160.0,170.0,,,,,,,,76.0,143.0,,,,,,,,,,,,,,,,,,,,,,,,,,,,,,,,,,2024-04-23
USW00094728,2024-04-24,,,,,33.0,10129.0,10071.0,94.0,,22.0,,,,,,,,,,,,,,,,,,,,,,,0,,46.0,27.0,66.0,,,,,,,,,,,,,,,,,,,,,,,,,,,,,0,0,,,,,,,,,,,,,,,,,,,,,,,,,,,,,,,,,,233,100,,,,300.0,290.0,,,,,,,,76.0,139.0,,,,,,1.0,,,,,,,,,,,,,,,,,,,,,,,,,,,,2024-04-24
USW00094728,2024-04-25,,,,,-39.0,10261.0,10213.0,39.0,,25.0,,,,,,,,,,,,,,,,,,,,,,,0,,42.0,12.0,71.0,,,,,,,,,,,,,,,,,,,,,,,,,,,,,0,0,,,,,,,,,,,,,,,,,,,,,,,,,,,,,,,,,,156,61,,,,50.0,40.0,,,,,,,,81.0,125.0,,,,,,,,,,,,,,,,,,,,,,,,,,,,,,,,,,2024-04-25
USW00094728,2024-04-26,,,,,-17.0,10312.0,10264.0,56.0,,20.0,,,,,,,,,,,,,,,,,,,,,,,0,,44.0,27.0,71.0,,,,,,,,,,,,,,,,,,,,,,,,,,,,,0,0,,,,,,,,,,,,,,,,,,,,,,,,,,,,,,,,,,183,61,,,,140.0,210.0,,,,,,,,54.0,103.0,,,,,,,,,,,,,,,,,,,,,,,,,,,,,,,,,,2024-04-26
USW00094728,2024-04-27,,,,,-6.0,10312.0,10264.0,67.0,,14.0,,,,,,,,,,,,,,,,,,,,,,,0,,46.0,23.0,66.0,,,,,,,,,,,,,,,,,,,,,,,,,,,,,0,0,,,,,,,,,,,,,,,,,,,,,,,,,,,,,,,,,,178,78,,,,180.0,170.0,,,,,,,,54.0,98.0,,,,,,,,,,,,,,,,,,,,,,,,,,,,,,,,,,2024-04-27
USW00094728,2024-04-28,,,,,106.0,10203.0,10159.0,139.0,,6.0,,,,,,,,,,,,,,,,,,,,,,,3,,62.0,40.0,84.0,,,,,,,,,,,,,,,,,,,,,,,,,,,,,0,0,,,,,,,,,,,,,,,,,,,,,,,,,,,,,,,,,,261,111,,,,190.0,210.0,,,,,,,,40.0,67.0,,,,1.0,,,,,,,1.0,,,,,,,,,,,,,,,,,,,,,,,2024-04-28
USW00094728,2024-04-29,,,,,156.0,10152.0,10105.0,178.0,,15.0,,,,,,,,,,,,,,,,,,,,,,,5,,67.0,40.0,84.0,,,,,,,,,,,,,,,,,,,,,,,,,,,,,0,0,,,,,,,,,,,,,,,,,,,,,,,,,,,,,,,,,,306,172,,,,120.0,120.0,,,,,,,,54.0,116.0,,,,1.0,,,,,,,1.0,,,,,,,,,,,,,,,,,,,,,,,2024-04-29
USW00094728,2024-04-30,,,,,100.0,10132.0,10081.0,122.0,,33.0,,,,,,,,,,,,,,,,,,,,,,,8,,76.0,61.0,89.0,,,,,,,,,,,,,,,,,,,,,,,,,,,,,0,0,,,,,,,,,,,,,,,,,,,,,,,,,,,,,,,,,,189,111,,,,50.0,50.0,,,,,,,,67.0,103.0,,,,1.0,,,,,,,1.0,,,,,,,,,,,,,,,,,,,,,,,2024-04-30
USW00094728,2024-05-01,,,,,106.0,10135.0,10088.0,133.0,,13.0,,,,,,,,,,,,,,,,,,,,,,,5,,71.0,42.0,90.0,,,,,,,,,,,,,,,,,,,,,,,,,,,,,0,0,,,,,,,,,,,,,,,,,,,,,,,,,,,,,,,,,,267,117,,,,130.0,120.0,,,,,,,,45.0,89.0,,,,1.0,,,,,,,1.0,,,,,,,,,,,,,,,,,,,,,,,2024-05-01
USW00094728,2024-05-02,,,,,117.0,10142.0,10095.0,144.0,,16.0,,,,,,,,,,,,,,,,,,,,,,,0,,66.0,40.0,90.0,,,,,,,,,,,,,,,,,,,,,,,,,,,,,0,0,,,,,,,,,,,,,,,,,,,,,,,,,,,,,,,,,,261,117,,,,30.0,30.0,,,,,,,,63.0,107.0,,,,1.0,,,,,,,1.0,,,,,,,,,,,,,,,,,,,,,,,2024-05-02
USW00094728,2024-05-03,,,,,78.0,10217.0,10169.0,111.0,,24.0,,,,,,,,,,,,,,,,,,,,,,,0,,69.0,52.0,81.0,,,,,,,,,,,,,,,,,,,,,,,,,,,,,0,0,,,,,,,,,,,,,,,,,,,,,,,,,,,,,,,,,,183,111,,,,60.0,80.0,,,,,,,,67.0,98.0,,,,,,,,,,,,,,,,,,,,,,,,,,,,,,,,,,2024-05-03
USW00094728,2024-05-04,,,,,61.0,10257.0,10210.0,94.0,,22.0,,,,,,,,,,,,,,,,,,,,,,,0,,66.0,52.0,80.0,,,,,,,,,,,,,,,,,,,,,,,,,,,,,0,0,,,,,,,,,,,,,,,,,,,,,,,,,,,,,,,,,,172,94,,,,120.0,100.0,,,,,,,,45.0,94.0,,,,,,,,,,,,,,,,,,,,,,,,,,,,,,,,,,2024-05-04
USW00094728,2024-05-05,,,,,83.0,10234.0,10179.0,94.0,,21.0,,,,,,,,,,,,,,,,,,,,,,,79,,87.0,74.0,97.0,,,,,,,,,,,,,,,,,,,,,,,,,,,,,0,0,,,,,,,,,,,,,,,,,,,,,,,,,,,,,,,,,,122,94,,,,130.0,130.0,,,,,,,,54.0,98.0,,,,1.0,,,,,,,1.0,,,,,,,,,,,,,,,,,,,,,,,2024-05-05
USW00094728,2024-05-06,,,,,144.0,10146.0,10108.0,156.0,,10.0,,,,,,,,,,,,,,,,,,,,,,,0,,82.0,66.0,96.0,,,,,,,,,,,,,,,,,,,,,,,,,,,,,0,0,,,,,,,,,,,,,,,,,,,,,,,,,,,,,,,,,,233,117,,,,210.0,250.0,,,,,,,,36.0,58.0,,,,1.0,,,,,,,1.0,,,,,,,,,,,,,,,,,,,,,,,2024-05-06
USW00094728,2024-05-07,,,,,89.0,10078.0,10030.0,144.0,,15.0,,,,,,,,,,,,,,,,,,,,,,,0,,47.0,29.0,90.0,,,,,,,,,,,,,,,,,,,,,,,,,,,,,0,0,,,,,,,,,,,,,,,,,,,,,,,,,,,,,,,,,,267,150,,,,30.0,130.0,,,,,,,,54.0,85.0,,,,,,,,,,,,,,,,,,,,,,,,,,,,,,,,,,2024-05-07
USW00094728,2024-05-08,,,,,139.0,10020.0,9976.0,178.0,,17.0,,,,,,,,,,,,,,,,,,,,,,,53,,58.0,29.0,93.0,,,,,,,,,,,,,,,,,,,,,,,,,,,,,0,0,,,,,,,,,,,,,,,,,,,,,,,,,,,,,,,,,,289,183,,,,240.0,210.0,,,,,,,,58.0,116.0,,,,1.0,,,,,,,1.0,,,,,,,,,,,,,,,,,,,,,,,2024-05-08
USW00094728,2024-05-09,,,,,83.0,10064.0,10017.0,128.0,,26.0,,,,,,,,,,,,,,,,,,,,,,,0,,53.0,44.0,72.0,,,,,,,,,,,,,,,,,,,,,,,,,,,,,0,0,,,,,,,,,,,,,,,,,,,,,,,,,,,,,,,,,,211,133,,,,300.0,120.0,,,,,,,,58.0,94.0,,,,,,,,,,,,,,,,,,,,,,,,,,,,,,,,,,2024-05-09
USW00094728,2024-05-10,,,,,78.0,10085.0,10037.0,89.0,,27.0,,,,,,,,,,,,,,,,,,,,,,,58,,84.0,66.0,93.0,,,,,,,,,,,,,,,,,,,,,,,,,,,,,0,0,,,,,,,,,,,,,,,,,,,,,,,,,,,,,,,,,,133,89,,,,60.0,40.0,,,,,,,,72.0,112.0,,,,1.0,,,,,,,,,,,,,,,,,,,,,,,,,,,,,,2024-05-10
USW00094728,2024-05-11,,,,,50.0,10108.0,10058.0,89.0,,14.0,,,,,,,,,,,,,,,,,,,,,,,0,,65.0,35.0,93.0,,,,,,,,,,,,,,,,,,,,,,,,,,,,,0,0,,,,,,,,,,,,,,,,,,,,,,,,,,,,,,,,,,178,83,,,,50.0,190.0,,,,,,,,58.0,112.0,,,,1.0,,,,,,,,,,,,,,,,,,,,,,,,,,,,,,2024-05-11
USW00094728,2024-05-12,,,,,72.0,10132.0,10081.0,89.0,,12.0,,,,,,,,,,,,,,,,,,,,,,,38,,81.0,67.0,93.0,,,,,,,,,,,,,,,,,,,,,,,,,,,,,0,0,,,,,,,,,,,,,,,,,,,,,,,,,,,,,,,,,,139,89,,,,250.0,220.0,,,,,,,,40.0,72.0,,,,1.0,,,,,,,,,,,,,,,,,,,,,,,,,,,,,,2024-05-12
USW00094728,2024-05-13,,,,,94.0,10173.0,10129.0,111.0,,17.0,,,,,,,,,,,,,,,,,,,,,,,0,,75.0,60.0,86.0,,,,,,,,,,,,,,,,,,,,,,,,,,,,,0,0,,,,,,,,,,,,,,,,,,,,,,,,,,,,,,,,,,183,94,,,,220.0,250.0,,,,,,,,45.0,76.0,,,,,,,,,,,1.0,,,,,,,,,,,,,,,,,,,,,,,2024-05-13
USW00094728,2024-05-14,,,,,122.0,10152.0,10102.0,144.0,,8.0,,,,,,,,,,,,,,,,,,,,,,,8,,72.0,57.0,90.0,,,,,,,,,,,,,,,,,,,,,,,,,,,,,0,0,,,,,,,,,,,,,,,,,,,,,,,,,,,,,,,,,,222,128,,,,180.0,220.0,,,,,,,,36.0,72.0,,,,1.0,,,,,,,,,,,,,,,,,,,,,,,,,,,,,,2024-05-14
USW00094728,2024-05-15,,,,,144.0,10091.0,10051.0,150.0,,34.0,,,,,,,,,,,,,,,,,,,,,,,71,,90.0,78.0,96.0,,,,,,,,,,,,,,,,,,,,,,,,,,,,,0,0,,,,,,,,,,,,,,,,,,,,,,,,,,,,,,,,,,178,150,,,,40.0,70.0,,,,,,,,76.0,148.0,,,,1.0,,,,,,,,,,,,,,,,,,,,,,,,,,,,,,2024-05-15
USW00094728,2024-05-16,,,,,133.0,10068.0,10010.0,150.0,,37.0,,,,,,,,,,,,,,,,,,,,,,,69,,84.0,68.0,93.0,,,,,,,,,,,,,,,,,,,,,,,,,,,,,0,0,,,,,,,,,,,,,,,,,,,,,,,,,,,,,,,,,,178,150,,,,50.0,40.0,,,,,,,,76.0,130.0,,,,1.0,,,,,,,,,,,,,,,,,,,,,,,,,,,,,,2024-05-16
USW00094728,2024-05-17,,,,,117.0,10139.0,10085.0,144.0,,20.0,,,,,,,,,,,,,,,,,,,,,,,0,,66.0,47.0,87.0,,,,,,,,,,,,,,,,,,,,,,,,,,,,,0,0,,,,,,,,,,,,,,,,,,,,,,,,,,,,,,,,,,222,144,,,,60.0,60.0,,,,,,,,81.0,125.0,,,,1.0,,,,,,,,,,,,,,,,,,,,,,,,,,,,,,2024-05-17
USW00094728,2024-05-18,,,,,122.0,10149.0,10102.0,144.0,,17.0,,,,,,,,,,,,,,,,,,,,,,,10,,74.0,54.0,93.0,,,,,,,,,,,,,,,,,,,,,,,,,,,,,0,0,,,,,,,,,,,,,,,,,,,,,,,,,,,,,,,,,,206,150,,,,60.0,80.0,,,,,,,,45.0,67.0,,,,1.0,,,,,,,,,,,,,,,,,,,,,,,,,,,,,,2024-05-18
USW00094728,2024-05-19,,,,,122.0,10156.0,10108.0,150.0,,19.0,,,,,,,,,,,,,,,,,,,,,,,0,,71.0,52.0,90.0,,,,,,,,,,,,,,,,,,,,,,,,,,,,,0,0,,,,,,,,,,,,,,,,,,,,,,,,,,,,,,,,,,239,133,,,,80.0,50.0,,,,,,,,58.0,89.0,,,,,,,,,,,,,,,,,,,,,,,,,,,,,,,,,,2024-05-19
USW00094728,2024-05-20,,,,,122.0,10166.0,10119.0,144.0,,16.0,,,,,,,,,,,,,,,,,,,,,,,0,,72.0,48.0,90.0,,,,,,,,,,,,,,,,,,,,,,,,,,,,,0,0,,,,,,,,,,,,,,,,,,,,,,,,,,,,,,,,,,233,128,,,,150.0,130.0,,,,,,,,40.0,89.0,,,,1.0,,,,,,,,,,,,,,,,,,,,,,,,,,,,,,2024-05-20
USW00094728,2024-05-21,,,,,150.0,10149.0,10102.0,172.0,,13.0,,,,,,,,,,,,,,,,,,,,,,,0,,67.0,49.0,90.0,,,,,,,,,,,,,,,,,,,,,,,,,,,,,0,0,,,,,,,,,,,,,,,,,,,,,,,,,,,,,,,,,,283,144,,,,240.0,110.0,,,,,,,,40.0,72.0,,,,,,,,,,,1.0,,,,,,,,,,,,,,,,,,,,,,,2024-05-21
USW00094728,2024-05-22,,,,,156.0,10135.0,10088.0,183.0,,23.0,,,,,,,,,,,,,,,,,,,,,,,0,,61.0,46.0,73.0,,,,,,,,,,,,,,,,,,,,,,,,,,,,,0,0,,,,,,,,,,,,,,,,,,,,,,,,,,,,,,,,,,289,194,,,,250.0,200.0,,,,,,,,45.0,98.0,,,,,,,,,,,,,,,,,,,,,,,,,,,,,,,,,,2024-05-22
USW00094728,2024-05-23,,,,,172.0,10112.0,10068.0,194.0,,13.0,,,,,,,,,,,,,,,,,,,,,,,198,,71.0,60.0,93.0,,,,,,,,,,,,,,,,,,,,,,,,,,,,,0,0,,,,,,,,,,,,,,,,,,,,,,,,,,,,,,,,,,261,194,,,,260.0,260.0,,,,,,,,54.0,107.0,,,,1.0,1.0,1.0,,,,,,,,,,,,,,,,,,,,,,,,,,,,2024-05-23
USW00094728,2024-05-24,,,,,106.0,10102.0,10054.0,167.0,,11.0,,,,,,,,,,,,,,,,,,,,,,,0,,45.0,22.0,81.0,,,,,,,,,,,,,,,,,,,,,,,,,,,,,0,0,,,,,,,,,,,,,,,,,,,,,,,,,,,,,,,,,,289,200,,,,280.0,290.0,,,,,,,,54.0,89.0,,,,,,,,,,,,,,,,,,,,,,,,,,,,,,,,,,2024-05-24
USW00094728,2024-05-25,,,,,106.0,10112.0,10064.0,156.0,,11.0,,,,,,,,,,,,,,,,,,,,,,,0,,49.0,31.0,76.0,,,,,,,,,,,,,,,,,,,,,,,,,,,,,0,0,,,,,,,,,,,,,,,,,,,,,,,,,,,,,,,,,,272,189,,,,130.0,340.0,,,,,,,,45.0,76.0,,,,,,,,,,,,,,,,,,,,,,,,,,,,,,,,,,2024-05-25
USW00094728,2024-05-26,,,,,172.0,10125.0,10078.0,189.0,,13.0,,,,,,,,,,,,,,,,,,,,,,,0,,76.0,54.0,90.0,,,,,,,,,,,,,,,,,,,,,,,,,,,,,0,0,,,,,,,,,,,,,,,,,,,,,,,,,,,,,,,,,,278,183,,,,140.0,180.0,,,,,,,,36.0,85.0,,,,1.0,,,,,,,1.0,,,,,,,,,,,,,,,,,,,,,,,2024-05-26
USW00094728,2024-05-27,,,,,189.0,10091.0,10041.0,194.0,,13.0,,,,,,,,,,,,,,,,,,,,,,,244,,92.0,79.0,97.0,,,,,,,,,,,,,,,,,,,,,,,,,,,,,0,0,,,,,,,,,,,,,,,,,,,,,,,,,,,,,,,,,,228,189,,,,140.0,190.0,,,,,,,,54.0,112.0,,,,1.0,1.0,1.0,,,,,,,,,,,,,,,,,,,,,,,,,,,,2024-05-27
USW00094728,2024-05-28,,,,,139.0,10071.0,10020.0,172.0,,29.0,,,,,,,,,,,,,,,,,,,,,,,0,,62.0,39.0,93.0,,,,,,,,,,,,,,,,,,,,,,,,,,,,,0,0,,,,,,,,,,,,,,,,,,,,,,,,,,,,,,,,,,261,183,,,,300.0,220.0,,,,,,,,72.0,130.0,,,,1.0,,,,,,,,,,,,,,,,,,,,,,,,,,,,,,2024-05-28
USW00094728,2024-05-29,,,,,111.0,10125.0,10078.0,144.0,,16.0,,,,,,,,,,,,,,,,,,,,,,,165,,59.0,45.0,93.0,,,,,,,,,,,,,,,,,,,,,,,,,,,,,0,0,,,,,,,,,,,,,,,,,,,,,,,,,,,,,,,,,,244,156,,,,220.0,220.0,,,,,,,,76.0,134.0,,,,1.0,,1.0,,,,,,,,,,,,,,,,,,,,,,,,,,,,2024-05-29
USW00094728,2024-05-30,,,,,72.0,10146.0,10091.0,122.0,,22.0,,,,,,,,,,,,,,,,,,,,,,,46,,52.0,40.0,78.0,,,,,,,,,,,,,,,,,,,,,,,,,,,,,0,0,,,,,,,,,,,,,,,,,,,,,,,,,,,,,,,,,,217,139,,,,50.0,10.0,,,,,,,,67.0,89.0,,,,,,,,,,,1.0,,,,,,,,,,,,,,,,,,,,,,,2024-05-30
USW00094728,2024-05-31,,,,,61.0,10200.0,10152.0,128.0,,20.0,,,,,,,,,,,,,,,,,,,,,,,0,,41.0,29.0,60.0,,,,,,,,,,,,,,,,,,,,,,,,,,,,,0,0,,,,,,,,,,,,,,,,,,,,,,,,,,,,,,,,,,239,150,,,,300.0,240.0,,,,,,,,54.0,98.0,,,,,,,,,,,,,,,,,,,,,,,,,,,,,,,,,,2024-05-31
USW00094728,2024-06-01,,,,,67.0,10200.0,10152.0,139.0,,13.0,,,,,,,,,,,,,,,,,,,,,,,0,,37.0,25.0,52.0,,,,,,,,,,,,,,,,,,,,,,,,,,,,,0,0,,,,,,,,,,,,,,,,,,,,,,,,,,,,,,,,,,283,156,,,,290.0,210.0,,,,,,,,40.0,76.0,,,,,,,,,,,,,,,,,,,,,,,,,,,,,,,,,,2024-06-01
USW00094728,2024-06-02,,,,,122.0,10163.0,10115.0,167.0,,11.0,,,,,,,,,,,,,,,,,,,,,,,0,,51.0,42.0,56.0,,,,,,,,,,,,,,,,,,,,,,,,,,,,,0,0,,,,,,,,,,,,,,,,,,,,,,,,,,,,,,,,,,272,194,,,,230.0,230.0,,,,,,,,45.0,85.0,,,,,,,,,,,,,,,,,,,,,,,,,,,,,,,,,,2024-06-02
USW00094728,2024-06-03,,,,,144.0,10129.0,10081.0,183.0,,13.0,,,,,,,,,,,,,,,,,,,,,,,0,,52.0,33.0,66.0,,,,,,,,,,,,,,,,,,,,,,,,,,,,,0,0,,,,,,,,,,,,,,,,,,,,,,,,,,,,,,,,,,300,222,,,,50.0,40.0,,,,,,,,45.0,63.0,,,,,,,,,,,1.0,,,,,,,,,,,,,,,,,,,,,,,2024-06-03
USW00094728,2024-06-04,,,,,167.0,10159.0,10108.0,189.0,,13.0,,,,,,,,,,,,,,,,,,,,,,,0,,72.0,52.0,90.0,,,,,,,,,,,,,,,,,,,,,,,,,,,,,0,0,,,,,,,,,,,,,,,,,,,,,,,,,,,,,,,,,,261,183,,,,60.0,120.0,,,,,,,,40.0,72.0,,,,1.0,,,,,,,1.0,,,,,,,,,,,,,,,,,,,,,,,2024-06-04
USW00094728,2024-06-05,,,,,194.0,10119.0,10075.0,206.0,,11.0,,,,,,,,,,,,,,,,,,,,,,,0,,85.0,74.0,97.0,,,,,,,,,,,,,,,,,,,,,,,,,,,,,0,0,,,,,,,,,,,,,,,,,,,,,,,,,,,,,,,,,,261,183,,,,130.0,180.0,,,,,,,,45.0,98.0,,,,1.0,,,,,,,1.0,,,,,,,,,,,,,,,,,,,,,,,2024-06-05
USW00094728,2024-06-06,,,,,217.0,10010.0,9970.0,222.0,,9.0,,,,,,,,,,,,,,,,,,,,,,,196,,93.0,72.0,100.0,,,,,,,,,,,,,,,,,,,,,,,,,,,,,0,0,,,,,,,,,,,,,,,,,,,,,,,,,,,,,,,,,,272,200,,,,300.0,310.0,,,,,,,,72.0,112.0,,,,1.0,1.0,1.0,,,,,1.0,,,,,,,,,,,,,,,,,,,,,,,2024-06-06
USW00094728,2024-06-07,,,,,150.0,10027.0,9980.0,183.0,,15.0,,,,,,,,,,,,,,,,,,,,,,,0,,63.0,42.0,100.0,,,,,,,,,,,,,,,,,,,,,,,,,,,,,0,0,,,,,,,,,,,,,,,,,,,,,,,,,,,,,,,,,,278,189,,,,290.0,290.0,,,,,,,,76.0,143.0,,,,1.0,,,,,,,,,,,,,,,,,,,,,,,,,,,,,,2024-06-07
USW00094728,2024-06-08,,,,,117.0,10075.0,10027.0,156.0,,25.0,,,,,,,,,,,,,,,,,,,,,,,0,,53.0,40.0,73.0,,,,,,,,,,,,,,,,,,,,,,,,,,,,,0,0,,,,,,,,,,,,,,,,,,,,,,,,,,,,,,,,,,244,172,,,,290.0,250.0,,,,,,,,67.0,125.0,,,,,,,,,,,,,,,,,,,,,,,,,,,,,,,,,,2024-06-08
USW00094728,2024-06-09,,,,,122.0,10027.0,9980.0,161.0,,22.0,,,,,,,,,,,,,,,,,,,,,,,0,,57.0,38.0,73.0,,,,,,,,,,,,,,,,,,,,,,,,,,,,,0,0,,,,,,,,,,,,,,,,,,,,,,,,,,,,,,,,,,233,183,,,,300.0,220.0,,,,,,,,63.0,139.0,,,,,,,,,,,,,,,,,,,,,,,,,,,,,,,,,,2024-06-09
USW00094728,2024-06-10,,,,,106.0,10051.0,10003.0,144.0,,27.0,,,,,,,,,,,,,,,,,,,,,,,0,,55.0,46.0,67.0,,,,,,,,,,,,,,,,,,,,,,,,,,,,,0,0,,,,,,,,,,,,,,,,,,,,,,,,,,,,,,,,,,239,167,,,,300.0,310.0,,,,,,,,58.0,98.0,,,,,,,,,,,,,,,,,,,,,,,,,,,,,,,,,,2024-06-10
USW00094728,2024-06-11,,,,,122.0,10132.0,10085.0,156.0,,14.0,,,,,,,,,,,,,,,,,,,,,,,0,,65.0,52.0,80.0,,,,,,,,,,,,,,,,,,,,,,,,,,,,,0,0,,,,,,,,,,,,,,,,,,,,,,,,,,,,,,,,,,228,150,,,,50.0,50.0,,,,,,,,40.0,63.0,,,,,,,,,,,,,,,,,,,,,,,,,,,,,,,,,,2024-06-11
USW00094728,2024-06-12,,,,,139.0,10163.0,10115.0,167.0,,10.0,,,,,,,,,,,,,,,,,,,,,,,0,,66.0,48.0,81.0,,,,,,,,,,,,,,,,,,,,,,,,,,,,,0,0,,,,,,,,,,,,,,,,,,,,,,,,,,,,,,,,,,244,161,,,,250.0,290.0,,,,,,,,36.0,58.0,,,,,,,,,,,,,,,,,,,,,,,,,,,,,,,,,,2024-06-12
USW00094728,2024-06-13,,,,,156.0,10152.0,10105.0,183.0,,14.0,,,,,,,,,,,,,,,,,,,,,,,0,,62.0,40.0,90.0,,,,,,,,,,,,,,,,,,,,,,,,,,,,,0,0,,,,,,,,,,,,,,,,,,,,,,,,,,,,,,,,,,289,183,,,,220.0,200.0,,,,,,,,54.0,89.0,,,,,,,,,,,,,,,,,,,,,,,,,,,,,,,,,,2024-06-13
USW00094728,2024-06-14,,,,,189.0,10115.0,10068.0,200.0,,15.0,,,,,,,,,,,,,,,,,,,,,,,71,,79.0,59.0,100.0,,,,,,,,,,,,,,,,,,,,,,,,,,,,,0,0,,,,,,,,,,,,,,,,,,,,,,,,,,,,,,,,,,294,183,,,,290.0,290.0,,,,,,,,76.0,148.0,,,,1.0,1.0,1.0,,,,,,,,,,,,,,,,,,,,,,,,,,,,2024-06-14
USW00094728,2024-06-15,,,,,122.0,10156.0,10108.0,167.0,,16.0,,,,,,,,,,,,,,,,,,,,,,,0,,55.0,31.0,97.0,,,,,,,,,,,,,,,,,,,,,,,,,,,,,0,0,,,,,,,,,,,,,,,,,,,,,,,,,,,,,,,,,,267,183,,,,40.0,60.0,,,,,,,,63.0,94.0,,,,,,,,,,,,,,,,,,,,,,,,,,,,,,,,,,2024-06-15
USW00094728,2024-06-16,,,,,122.0,10234.0,10179.0,156.0,,23.0,,,,,,,,,,,,,,,,,,,,,,,0,,62.0,40.0,90.0,,,,,,,,,,,,,,,,,,,,,,,,,,,,,0,0,,,,,,,,,,,,,,,,,,,,,,,,,,,,,,,,,,256,172,,,,50.0,40.0,,,,,,,,58.0,89.0,,,,,,,,,,,,,,,,,,,,,,,,,,,,,,,,,,2024-06-16
USW00094728,2024-06-17,,,,,183.0,10217.0,10169.0,200.0,,13.0,,,,,,,,,,,,,,,,,,,,,,,0,,71.0,55.0,97.0,,,,,,,,,,,,,,,,,,,,,,,,,,,,,0,0,,,,,,,,,,,,,,,,,,,,,,,,,,,,,,,,,,283,183,,,,220.0,120.0,,,,,,,,40.0,85.0,,,,,,,,,,,,,,,,,,,,,,,,,,,,,,,,,,2024-06-17
USW00094728,2024-06-18,,,,,194.0,10237.0,10190.0,217.0,,14.0,,,,,,,,,,,,,,,,,,,,,,,0,,68.0,52.0,84.0,,,,,,,,,,,,,,,,,,,,,,,,,,,,,0,0,,,,,,,,,,,,,,,,,,,,,,,,,,,,,,,,,,300,217,,,,140.0,200.0,,,,,,,,40.0,85.0,,,,,,,,,,,,,,,,,,,,,,,,,,,,,,,,,,2024-06-18
USW00094728,2024-06-19,,,,,178.0,10268.0,10217.0,206.0,,11.0,,,,,,,,,,,,,,,,,,,,,,,0,,64.0,39.0,79.0,,,,,,,,,,,,,,,,,,,,,,,,,,,,,0,0,,,,,,,,,,,,,,,,,,,,,,,,,,,,,,,,,,317,222,,,,220.0,200.0,,,,,,,,40.0,85.0,,,,,,,,,,,,,,,,,,,,,,,,,,,,,,,,,,2024-06-19
USW00094728,2024-06-20,,,,,178.0,10247.0,10200.0,211.0,,15.0,,,,,,,,,,,,,,,,,,,,,,,0,,57.0,42.0,69.0,,,,,,,,,,,,,,,,,,,,,,,,,,,,,0,0,,,,,,,,,,,,,,,,,,,,,,,,,,,,,,,,,,328,222,,,,210.0,230.0,,,,,,,,40.0,76.0,,,,,,,,,,,,,,,,,,,,,,,,,,,,,,,,,,2024-06-20
USW00094728,2024-06-21,,,,,194.0,10203.0,10156.0,222.0,,16.0,,,,,,,,,,,,,,,,,,,,,,,0,,58.0,44.0,79.0,,,,,,,,,,,,,,,,,,,,,,,,,,,,,0,0,,,,,,,,,,,,,,,,,,,,,,,,,,,,,,,,,,344,244,,,,60.0,60.0,,,,,,,,72.0,116.0,,,,,,,,,,,,,,,,,,,,,,,,,,,,,,,,,,2024-06-21
USW00094728,2024-06-22,,,,,211.0,10152.0,10102.0,228.0,,4.0,,,,,,,,,,,,,,,,,,,,,,,28,,71.0,49.0,90.0,,,,,,,,,,,,,,,,,,,,,,,,,,,,,0,0,,,,,,,,,,,,,,,,,,,,,,,,,,,,,,,,,,339,239,,,,340.0,340.0,,,,,,,,45.0,81.0,,,,1.0,,1.0,,,,,1.0,,,,,,,,,,,,,,,,,,,,,,,2024-06-22
USW00094728,2024-06-23,,,,,206.0,10058.0,10010.0,228.0,,,,,,,,,,,,,,,,,,,,,,,,,0,,65.0,45.0,87.0,,,,,,,,,,,,,,,,,,,,,,,,,,,,,0,0,,,,,,,,,,,,,,,,,,,,,,,,,,,,,,,,,,333,228,,,,240.0,260.0,,,,,,,,54.0,130.0,,,,,,,,,,,1.0,,,,,,,,,,,,,,,,,,,,,,,2024-06-23
USW00094728,2024-06-24,,,,,139.0,10047.0,9997.0,183.0,,,,,,,,,,,,,,,,,,,,,,,,,0,,50.0,25.0,76.0,,,,,,,,,,,,,,,,,,,,,,,,,,,,,0,0,,,,,,,,,,,,,,,,,,,,,,,,,,,,,,,,,,267,222,,,,300.0,300.0,,,,,,,,89.0,157.0,,,,,,,,,,,,,,,,,,,,,,,,,,,,,,,,,,2024-06-24
USW00094728,2024-06-25,,,,,100.0,10115.0,10068.0,172.0,,19.0,,,,,,,,,,,,,,,,,,,,,,,0,,36.0,23.0,53.0,,,,,,,,,,,,,,,,,,,,,,,,,,,,,0,0,,,,,,,,,,,,,,,,,,,,,,,,,,,,,,,,,,322,206,,,,310.0,270.0,,,,,,,,58.0,98.0,,,,,,,,,,,,,,,,,,,,,,,,,,,,,,,,,,2024-06-25
USW00094728,2024-06-26,,,,,172.0,10068.0,10020.0,206.0,,18.0,,,,,,,,,,,,,,,,,,,,,,,20,,58.0,36.0,90.0,,,,,,,,,,,,,,,,,,,,,,,,,,,,,0,0,,,,,,,,,,,,,,,,,,,,,,,,,,,,,,,,,,339,211,,,,290.0,290.0,,,,,,,,94.0,206.0,,,,1.0,,1.0,,,,,,,,,,,,,,,,,,,,,,,,,,,,2024-06-26
USW00094728,2024-06-27,,,,,144.0,10088.0,10034.0,178.0,,26.0,,,,,,,,,,,,,,,,,,,,,,,58,,58.0,34.0,93.0,,,,,,,,,,,,,,,,,,,,,,,,,,,,,0,0,,,,,,,,,,,,,,,,,,,,,,,,,,,,,,,,,,289,194,,,,300.0,320.0,,,,,,,,58.0,98.0,,,,1.0,,1.0,,,,,,,,,,,,,,,,,,,,,,,,,,,,2024-06-27
USW00094728,2024-06-28,,,,,67.0,10203.0,10156.0,133.0,,16.0,,,,,,,,,,,,,,,,,,,,,,,0,,40.0,21.0,57.0,,,,,,,,,,,,,,,,,,,,,,,,,,,,,0,0,,,,,,,,,,,,,,,,,,,,,,,,,,,,,,,,,,261,178,,,,60.0,130.0,,,,,,,,54.0,89.0,,,,,,,,,,,,,,,,,,,,,,,,,,,,,,,,,,2024-06-28
USW00094728,2024-06-29,,,,,183.0,10200.0,10156.0,200.0,,19.0,,,,,,,,,,,,,,,,,,,,,,,15,,76.0,63.0,94.0,,,,,,,,,,,,,,,,,,,,,,,,,,,,,0,0,,,,,,,,,,,,,,,,,,,,,,,,,,,,,,,,,,261,189,,,,180.0,220.0,,,,,,,,58.0,116.0,,,,1.0,,,,,,,,,,,,,,,,,,,,,,,,,,,,,,2024-06-29
USW00094728,2024-06-30,,,,,217.0,10125.0,10075.0,222.0,,22.0,,,,,,,,,,,,,,,,,,,,,,,46,,83.0,59.0,94.0,,,,,,,,,,,,,,,,,,,,,,,,,,,,,0,0,,,,,,,,,,,,,,,,,,,,,,,,,,,,,,,,,,294,211,,,,300.0,310.0,,,,,,,,67.0,103.0,,,,1.0,,1.0,,,,,1.0,,,,,,,,,,,,,,,,,,,,,,,2024-06-30
USW00094728,2024-07-01,,,,,117.0,10169.0,10112.0,161.0,,27.0,,,,,,,,,,,,,,,,,,,,,,,0,,51.0,40.0,68.0,,,,,,,,,,,,,,,,,,,,,,,,,,,,,0,0,,,,,,,,,,,,,,,,,,,,,,,,,,,,,,,,,,272,178,,,,40.0,20.0,,,,,,,,67.0,125.0,,,,,,,,,,,,,,,,,,,,,,,,,,,,,,,,,,2024-07-01
USW00094728,2024-07-02,,,,,100.0,10234.0,10179.0,161.0,,14.0,,,,,,,,,,,,,,,,,,,,,,,0,,43.0,23.0,61.0,,,,,,,,,,,,,,,,,,,,,,,,,,,,,0,0,,,,,,,,,,,,,,,,,,,,,,,,,,,,,,,,,,300,189,,,,50.0,50.0,,,,,,,,40.0,76.0,,,,,,,,,,,,,,,,,,,,,,,,,,,,,,,,,,2024-07-02
USW00094728,2024-07-03,,,,,117.0,10210.0,10163.0,167.0,,17.0,,,,,,,,,,,,,,,,,,,,,,,0,,47.0,35.0,61.0,,,,,,,,,,,,,,,,,,,,,,,,,,,,,0,0,,,,,,,,,,,,,,,,,,,,,,,,,,,,,,,,,,283,206,,,,200.0,200.0,,,,,,,,45.0,107.0,,,,,,,,,,,,,,,,,,,,,,,,,,,,,,,,,,2024-07-03
USW00094728,2024-07-04,,,,,183.0,10135.0,10081.0,206.0,,13.0,,,,,,,,,,,,,,,,,,,,,,,10,,68.0,53.0,94.0,,,,,,,,,,,,,,,,,,,,,,,,,,,,,0,0,,,,,,,,,,,,,,,,,,,,,,,,,,,,,,,,,,317,211,,,,130.0,210.0,,,,,,,,40.0,81.0,,,,1.0,1.0,,,,,,1.0,,,,,,,,,,,,,,,,,,,,,,,2024-07-04
USW00094728,2024-07-05,,,,,228.0,10091.0,10047.0,239.0,,7.0,,,,,,,,,,,,,,,,,,,,,,,25,,81.0,56.0,94.0,,,,,,,,,,,,,,,,,,,,,,,,,,,,,0,0,,,,,,,,,,,,,,,,,,,,,,,,,,,,,,,,,,322,233,,,,150.0,130.0,,,,,,,,45.0,89.0,,,,1.0,1.0,1.0,,,,,1.0,,,,,,,,,,,,,,,,,,,,,,,2024-07-05
USW00094728,2024-07-06,,,,,228.0,10105.0,10058.0,239.0,,6.0,,,,,,,,,,,,,,,,,,,,,,,13,,77.0,56.0,94.0,,,,,,,,,,,,,,,,,,,,,,,,,,,,,0,0,,,,,,,,,,,,,,,,,,,,,,,,,,,,,,,,,,333,228,,,,140.0,120.0,,,,,,,,45.0,81.0,,,,1.0,,1.0,,,,,,,,,,,,,,,,,,,,,,,,,,,,2024-07-06
USW00094728,2024-07-07,,,,,194.0,10149.0,10102.0,228.0,,18.0,,,,,,,,,,,,,,,,,,,,,,,0,,58.0,37.0,79.0,,,,,,,,,,,,,,,,,,,,,,,,,,,,,0,0,,,,,,,,,,,,,,,,,,,,,,,,,,,,,,,,,,339,261,,,,50.0,360.0,,,,,,,,40.0,72.0,,,,,,,,,,,1.0,,,,,,,,,,,,,,,,,,,,,,,2024-07-07
USW00094728,2024-07-08,,,,,211.0,10163.0,10115.0,233.0,,9.0,,,,,,,,,,,,,,,,,,,,,,,0,,65.0,40.0,85.0,,,,,,,,,,,,,,,,,,,,,,,,,,,,,0,0,,,,,,,,,,,,,,,,,,,,,,,,,,,,,,,,,,350,250,,,,70.0,180.0,,,,,,,,40.0,67.0,,,,,,,,,,,1.0,,,,,,,,,,,,,,,,,,,,,,,2024-07-08
USW00094728,2024-07-09,,,,,222.0,10139.0,10091.0,239.0,,10.0,,,,,,,,,,,,,,,,,,,,,,,0,,71.0,55.0,88.0,,,,,,,,,,,,,,,,,,,,,,,,,,,,,0,0,,,,,,,,,,,,,,,,,,,,,,,,,,,,,,,,,,317,239,,,,230.0,170.0,,,,,,,,40.0,85.0,,,,1.0,,,,,,,,,,,,,,,,,,,,,,,,,,,,,,2024-07-09
USW00094728,2024-07-10,,,,,222.0,10105.0,10058.0,239.0,,14.0,,,,,,,,,,,,,,,,,,,,,,,0,,70.0,58.0,79.0,,,,,,,,,,,,,,,,,,,,,,,,,,,,,0,0,,,,,,,,,,,,,,,,,,,,,,,,,,,,,,,,,,328,256,,,,180.0,180.0,,,,,,,,58.0,130.0,,,,,,,,,,,,,,,,,,,,,,,,,,,,,,,,,,2024-07-10
USW00094728,2024-07-11,,,,,189.0,10135.0,10078.0,217.0,,21.0,,,,,,,,,,,,,,,,,,,,,,,28,,62.0,42.0,94.0,,,,,,,,,,,,,,,,,,,,,,,,,,,,,0,0,,,,,,,,,,,,,,,,,,,,,,,,,,,,,,,,,,317,239,,,,230.0,230.0,,,,,,,,63.0,107.0,,,,1.0,,,,,,,,,,,,,,,,,,,,,,,,,,,,,,2024-07-11
USW00094728,2024-07-12,,,,,206.0,10207.0,10156.0,222.0,,6.0,,,,,,,,,,,,,,,,,,,,,,,15,,73.0,58.0,90.0,,,,,,,,,,,,,,,,,,,,,,,,,,,,,0,0,,,,,,,,,,,,,,,,,,,,,,,,,,,,,,,,,,289,222,,,,210.0,190.0,,,,,,,,36.0,67.0,,,,1.0,,,,,,,,,,,,,,,,,,,,,,,,,,,,,,2024-07-12
USW00094728,2024-07-13,,,,,217.0,10196.0,10156.0,228.0,,7.0,,,,,,,,,,,,,,,,,,,,,,,523,,78.0,53.0,97.0,,,,,,,,,,,,,,,,,,,,,,,,,,,,,0,0,,,,,,,,,,,,,,,,,,,,,,,,,,,,,,,,,,306,222,,,,130.0,230.0,,,,,,,,36.0,63.0,,,,1.0,1.0,,,,,,,,,,,,,,,,,,,,,,,,,,,,,2024-07-13
USW00094728,2024-07-14,,,,,200.0,10159.0,10112.0,228.0,,11.0,,,,,,,,,,,,,,,,,,,,,,,0,,65.0,43.0,82.0,,,,,,,,,,,,,,,,,,,,,,,,,,,,,0,0,,,,,,,,,,,,,,,,,,,,,,,,,,,,,,,,,,322,239,,,,220.0,220.0,,,,,,,,45.0,107.0,,,,,,1.0,,,,,,,,,,,,,,,,,,,,,,,,,,,,2024-07-14
USW00094728,2024-07-15,,,,,217.0,10105.0,10064.0,239.0,,11.0,,,,,,,,,,,,,,,,,,,,,,,30,,68.0,41.0,94.0,,,,,,,,,,,,,,,,,,,,,,,,,,,,,0,0,,,,,,,,,,,,,,,,,,,,,,,,,,,,,,,,,,328,228,,,,260.0,230.0,,,,,,,,45.0,98.0,,,,1.0,,1.0,,,,,1.0,,,,,,,,,,,,,,,,,,,,,,,2024-07-15
USW00094728,2024-07-16,,,,,200.0,10088.0,10041.0,233.0,,17.0,,,,,,,,,,,,,,,,,,,,,,,0,,55.0,46.0,72.0,,,,,,,,,,,,,,,,,,,,,,,,,,,,,0,0,,,,,,,,,,,,,,,,,,,,,,,,,,,,,,,,,,344,256,,,,240.0,200.0,,,,,,,,63.0,130.0,,,,,,,,,,,,,,,,,,,,,,,,,,,,,,,,,,2024-07-16
USW00094728,2024-07-17,,,,,211.0,10095.0,10054.0,233.0,,13.0,,,,,,,,,,,,,,,,,,,,,,,371,,69.0,52.0,94.0,,,,,,,,,,,,,,,,,,,,,,,,,,,,,0,0,,,,,,,,,,,,,,,,,,,,,,,,,,,,,,,,,,322,222,,,,240.0,290.0,,,,,,,,63.0,107.0,,,,1.0,1.0,,,,,,,,,,,,,,,,,,,,,,,,,,,,,2024-07-17
USW00094728,2024-07-18,,,,,172.0,10125.0,10071.0,200.0,,12.0,,,,,,,,,,,,,,,,,,,,,,,0,,62.0,38.0,94.0,,,,,,,,,,,,,,,,,,,,,,,,,,,,,0,0,,,,,,,,,,,,,,,,,,,,,,,,,,,,,,,,,,300,222,,,,300.0,290.0,,,,,,,,45.0,81.0,,,,1.0,,,,,,,,,,,,,,,,,,,,,,,,,,,,,,2024-07-18
USW00094728,2024-07-19,,,,,122.0,10190.0,10142.0,172.0,,13.0,,,,,,,,,,,,,,,,,,,,,,,0,,49.0,33.0,63.0,,,,,,,,,,,,,,,,,,,,,,,,,,,,,0,0,,,,,,,,,,,,,,,,,,,,,,,,,,,,,,,,,,283,194,,,,50.0,40.0,,,,,,,,40.0,72.0,,,,,,,,,,,,,,,,,,,,,,,,,,,,,,,,,,2024-07-19
USW00094728,2024-07-20,,,,,167.0,10186.0,10139.0,200.0,,9.0,,,,,,,,,,,,,,,,,,,,,,,0,,61.0,51.0,71.0,,,,,,,,,,,,,,,,,,,,,,,,,,,,,0,0,,,,,,,,,,,,,,,,,,,,,,,,,,,,,,,,,,283,217,,,,210.0,220.0,,,,,,,,54.0,89.0,,,,,,,,,,,,,,,,,,,,,,,,,,,,,,,,,,2024-07-20
USW00094728,2024-07-21,,,,,183.0,10166.0,10119.0,211.0,,12.0,,,,,,,,,,,,,,,,,,,,,,,0,,63.0,40.0,81.0,,,,,,,,,,,,,,,,,,,,,,,,,,,,,0,0,,,,,,,,,,,,,,,,,,,,,,,,,,,,,,,,,,311,228,,,,60.0,220.0,,,,,,,,36.0,67.0,,,,,,,,,,,,,,,,,,,,,,,,,,,,,,,,,,2024-07-21
USW00094728,2024-07-22,,,,,200.0,10173.0,10122.0,217.0,,12.0,,,,,,,,,,,,,,,,,,,,,,,3,,73.0,62.0,85.0,,,,,,,,,,,,,,,,,,,,,,,,,,,,,0,0,,,,,,,,,,,,,,,,,,,,,,,,,,,,,,,,,,289,217,,,,140.0,130.0,,,,,,,,40.0,85.0,,,,1.0,,,,,,,,,,,,,,,,,,,,,,,,,,,,,,2024-07-22
USW00094728,2024-07-23,,,,,206.0,10169.0,10119.0,217.0,,18.0,,,,,,,,,,,,,,,,,,,,,,,28,,84.0,71.0,94.0,,,,,,,,,,,,,,,,,,,,,,,,,,,,,0,0,,,,,,,,,,,,,,,,,,,,,,,,,,,,,,,,,,272,217,,,,60.0,90.0,,,,,,,,45.0,67.0,,,,1.0,,,,,,,,,,,,,,,,,,,,,,,,,,,,,,2024-07-23
USW00094728,2024-07-24,,,,,211.0,10190.0,10146.0,222.0,,19.0,,,,,,,,,,,,,,,,,,,,,,,0,,80.0,71.0,88.0,,,,,,,,,,,,,,,,,,,,,,,,,,,,,0,0,,,,,,,,,,,,,,,,,,,,,,,,,,,,,,,,,,272,228,,,,60.0,100.0,,,,,,,,45.0,76.0,,,,1.0,,,,,,,1.0,,,,,,,,,,,,,,,,,,,,,,,2024-07-24
USW00094728,2024-07-25,,,,,172.0,10173.0,10125.0,206.0,,13.0,,,,,,,,,,,,,,,,,,,,,,,0,,61.0,42.0,88.0,,,,,,,,,,,,,,,,,,,,,,,,,,,,,0,0,,,,,,,,,,,,,,,,,,,,,,,,,,,,,,,,,,283,222,,,,270.0,260.0,,,,,,,,45.0,89.0,,,,,,,,,,,,,,,,,,,,,,,,,,,,,,,,,,2024-07-25
USW00094728,2024-07-26,,,,,111.0,10186.0,10139.0,167.0,,23.0,,,,,,,,,,,,,,,,,,,,,,,0,,45.0,33.0,61.0,,,,,,,,,,,,,,,,,,,,,,,,,,,,,0,0,,,,,,,,,,,,,,,,,,,,,,,,,,,,,,,,,,289,194,,,,30.0,60.0,,,,,,,,67.0,107.0,,,,,,,,,,,,,,,,,,,,,,,,,,,,,,,,,,2024-07-26
USW00094728,2024-07-27,,,,,128.0,10200.0,10152.0,178.0,,16.0,,,,,,,,,,,,,,,,,,,,,,,0,,48.0,30.0,68.0,,,,,,,,,,,,,,,,,,,,,,,,,,,,,0,0,,,,,,,,,,,,,,,,,,,,,,,,,,,,,,,,,,306,206,,,,50.0,50.0,,,,,,,,40.0,72.0,,,,,,,,,,,,,,,,,,,,,,,,,,,,,,,,,,2024-07-27
USW00094728,2024-07-28,,,,,144.0,10190.0,10142.0,189.0,,17.0,,,,,,,,,,,,,,,,,,,,,,,0,,53.0,36.0,69.0,,,,,,,,,,,,,,,,,,,,,,,,,,,,,0,0,,,,,,,,,,,,,,,,,,,,,,,,,,,,,,,,,,317,211,,,,70.0,170.0,,,,,,,,54.0,67.0,,,,,,,,,,,,,,,,,,,,,,,,,,,,,,,,,,2024-07-28
USW00094728,2024-07-29,,,,,194.0,10146.0,10098.0,211.0,,13.0,,,,,,,,,,,,,,,,,,,,,,,13,,73.0,53.0,88.0,,,,,,,,,,,,,,,,,,,,,,,,,,,,,0,0,,,,,,,,,,,,,,,,,,,,,,,,,,,,,,,,,,289,200,,,,60.0,130.0,,,,,,,,54.0,72.0,,,,1.0,,1.0,,,,,1.0,,,,,,,,,,,,,,,,,,,,,,,2024-07-29
USW00094728,2024-07-30,,,,,206.0,10139.0,10091.0,228.0,,13.0,,,,,,,,,,,,,,,,,,,,,,,0,,72.0,55.0,85.0,,,,,,,,,,,,,,,,,,,,,,,,,,,,,0,0,,,,,,,,,,,,,,,,,,,,,,,,,,,,,,,,,,311,239,,,,140.0,170.0,,,,,,,,54.0,112.0,,,,1.0,,,,,,,,,,,,,,,,,,,,,,,,,,,,,,2024-07-30
USW00094728,2024-07-31,,,,,211.0,10119.0,10071.0,228.0,,15.0,,,,,,,,,,,,,,,,,,,,,,,8,,70.0,48.0,91.0,,,,,,,,,,,,,,,,,,,,,,,,,,,,,0,0,,,,,,,,,,,,,,,,,,,,,,,,,,,,,,,,,,317,228,,,,300.0,290.0,,,,,,,,67.0,125.0,,,,,,1.0,,,,,,,,,,,,,,,,,,,,,,,,,,,,2024-07-31
USW00094728,2024-08-01,,,,,200.0,10132.0,10085.0,228.0,,9.0,,,,,,,,,,,,,,,,,,,,,,,0,,59.0,38.0,79.0,,,,,,,,,,,,,,,,,,,,,,,,,,,,,0,0,,,,,,,,,,,,,,,,,,,,,,,,,,,,,,,,,,350,244,,,,270.0,260.0,,,,,,,,40.0,72.0,,,,,,,,,,,,,,,,,,,,,,,,,,,,,,,,,,2024-08-01
USW00094728,2024-08-02,,,,,222.0,10112.0,10064.0,239.0,,11.0,,,,,,,,,,,,,,,,,,,,,,,132,,71.0,49.0,94.0,,,,,,,,,,,,,,,,,,,,,,,,,,,,,0,0,,,,,,,,,,,,,,,,,,,,,,,,,,,,,,,,,,333,233,,,,140.0,190.0,,,,,,,,54.0,107.0,,,,1.0,1.0,1.0,,,,,1.0,,,,,,,,,,,,,,,,,,,,,,,2024-08-02
USW00094728,2024-08-03,,,,,217.0,10098.0,10051.0,233.0,,18.0,,,,,,,,,,,,,,,,,,,,,,,185,,78.0,54.0,94.0,,,,,,,,,,,,,,,,,,,,,,,,,,,,,0,0,,,,,,,,,,,,,,,,,,,,,,,,,,,,,,,,,,339,228,,,,230.0,200.0,,,,,,,,63.0,98.0,,,,1.0,1.0,1.0,,,,,1.0,,,,,,,,,,,,,,,,,,,,,,,2024-08-03
USW00094728,2024-08-04,,,,,217.0,10132.0,10085.0,222.0,,14.0,,,,,,,,,,,,,,,,,,,,,,,43,,86.0,72.0,94.0,,,,,,,,,,,,,,,,,,,,,,,,,,,,,0,0,,,,,,,,,,,,,,,,,,,,,,,,,,,,,,,,,,283,217,,,,240.0,220.0,,,,,,,,40.0,76.0,,,,1.0,,1.0,,,,,,,,,,,,,,,,,,,,,,,,,,,,2024-08-04
USW00094728,2024-08-05,,,,,194.0,10152.0,10105.0,222.0,,12.0,,,,,,,,,,,,,,,,,,,,,,,0,,63.0,36.0,88.0,,,,,,,,,,,,,,,,,,,,,,,,,,,,,0,0,,,,,,,,,,,,,,,,,,,,,,,,,,,,,,,,,,322,228,,,,170.0,120.0,,,,,,,,36.0,85.0,,,,,,,,,,,,,,,,,,,,,,,,,,,,,,,,,,2024-08-05
USW00094728,2024-08-06,,,,,217.0,10132.0,10085.0,233.0,,15.0,,,,,,,,,,,,,,,,,,,,,,,528,,78.0,55.0,97.0,,,,,,,,,,,,,,,,,,,,,,,,,,,,,0,0,,,,,,,,,,,,,,,,,,,,,,,,,,,,,,,,,,322,222,,,,50.0,260.0,,,,,,,,54.0,85.0,,,,1.0,,1.0,,,,,,,,,,,,,,,,,,,,,,,,,,,,2024-08-06
USW00094728,2024-08-07,,,,,178.0,10152.0,10098.0,189.0,,37.0,,,,,,,,,,,,,,,,,,,,,,,33,,90.0,81.0,94.0,,,,,,,,,,,,,,,,,,,,,,,,,,,,,0,0,,,,,,,,,,,,,,,,,,,,,,,,,,,,,,,,,,222,178,,,,50.0,40.0,,,,,,,,72.0,125.0,,,,1.0,,,,,,,,,,,,,,,,,,,,,,,,,,,,,,2024-08-07
USW00094728,2024-08-08,,,,,183.0,10183.0,10135.0,189.0,,32.0,,,,,,,,,,,,,,,,,,,,,,,91,,91.0,81.0,96.0,,,,,,,,,,,,,,,,,,,,,,,,,,,,,0,0,,,,,,,,,,,,,,,,,,,,,,,,,,,,,,,,,,211,183,,,,60.0,100.0,,,,,,,,58.0,98.0,,,,1.0,,,,,,,,,,,,,,,,,,,,,,,,,,,,,,2024-08-08
USW00094728,2024-08-09,,,,,228.0,10115.0,10064.0,239.0,,27.0,,,,,,,,,,,,,,,,,,,,,,,28,,90.0,82.0,97.0,,,,,,,,,,,,,,,,,,,,,,,,,,,,,0,0,,,,,,,,,,,,,,,,,,,,,,,,,,,,,,,,,,267,211,,,,160.0,200.0,,,,,,,,67.0,143.0,,,,1.0,,,,,,,,,,,,,,,,,,,,,,,,,,,,,,2024-08-09
USW00094728,2024-08-10,,,,,167.0,10129.0,10078.0,200.0,,20.0,,,,,,,,,,,,,,,,,,,,,,,0,,56.0,41.0,91.0,,,,,,,,,,,,,,,,,,,,,,,,,,,,,0,0,,,,,,,,,,,,,,,,,,,,,,,,,,,,,,,,,,294,228,,,,270.0,270.0,,,,,,,,54.0,89.0,,,,1.0,,,,,,,,,,,,,,,,,,,,,,,,,,,,,,2024-08-10
USW00094728,2024-08-11,,,,,133.0,10152.0,10105.0,178.0,,13.0,,,,,,,,,,,,,,,,,,,,,,,0,,53.0,41.0,71.0,,,,,,,,,,,,,,,,,,,,,,,,,,,,,0,0,,,,,,,,,,,,,,,,,,,,,,,,,,,,,,,,,,267,206,,,,300.0,300.0,,,,,,,,54.0,89.0,,,,,,,,,,,,,,,,,,,,,,,,,,,,,,,,,,2024-08-11
USW00094728,2024-08-12,,,,,128.0,10149.0,10098.0,167.0,,15.0,,,,,,,,,,,,,,,,,,,,,,,0,,55.0,43.0,68.0,,,,,,,,,,,,,,,,,,,,,,,,,,,,,0,0,,,,,,,,,,,,,,,,,,,,,,,,,,,,,,,,,,272,189,,,,350.0,360.0,,,,,,,,58.0,94.0,,,,,,,,,,,,,,,,,,,,,,,,,,,,,,,,,,2024-08-12
USW00094728,2024-08-13,,,,,128.0,10163.0,10115.0,167.0,,16.0,,,,,,,,,,,,,,,,,,,,,,,0,,53.0,39.0,70.0,,,,,,,,,,,,,,,,,,,,,,,,,,,,,0,0,,,,,,,,,,,,,,,,,,,,,,,,,,,,,,,,,,272,178,,,,300.0,300.0,,,,,,,,58.0,89.0,,,,,,,,,,,,,,,,,,,,,,,,,,,,,,,,,,2024-08-13
USW00094728,2024-08-14,,,,,144.0,10173.0,10125.0,183.0,,14.0,,,,,,,,,,,,,,,,,,,,,,,0,,56.0,34.0,79.0,,,,,,,,,,,,,,,,,,,,,,,,,,,,,0,0,,,,,,,,,,,,,,,,,,,,,,,,,,,,,,,,,,294,194,,,,90.0,90.0,,,,,,,,67.0,98.0,,,,,,,,,,,,,,,,,,,,,,,,,,,,,,,,,,2024-08-14
USW00094728,2024-08-15,,,,,144.0,10169.0,10125.0,183.0,,4.0,,,,,,,,,,,,,,,,,,,,,,,0,,52.0,32.0,73.0,,,,,,,,,,,,,,,,,,,,,,,,,,,,,0,0,,,,,,,,,,,,,,,,,,,,,,,,,,,,,,,,,,300,200,,,,290.0,10.0,,,,,,,,36.0,58.0,,,,,,,,,,,,,,,,,,,,,,,,,,,,,,,,,,2024-08-15
USW00094728,2024-08-16,,,,,178.0,10169.0,10119.0,206.0,,14.0,,,,,,,,,,,,,,,,,,,,,,,0,,65.0,42.0,81.0,,,,,,,,,,,,,,,,,,,,,,,,,,,,,0,0,,,,,,,,,,,,,,,,,,,,,,,,,,,,,,,,,,306,211,,,,130.0,140.0,,,,,,,,40.0,81.0,,,,,,,,,,,,,,,,,,,,,,,,,,,,,,,,,,2024-08-16
USW00094728,2024-08-17,,,,,189.0,10152.0,10108.0,206.0,,16.0,,,,,,,,,,,,,,,,,,,,,,,10,,78.0,67.0,91.0,,,,,,,,,,,,,,,,,,,,,,,,,,,,,0,0,,,,,,,,,,,,,,,,,,,,,,,,,,,,,,,,,,261,194,,,,130.0,120.0,,,,,,,,45.0,89.0,,,,1.0,,,,,,,1.0,,,,,,,,,,,,,,,,,,,,,,,2024-08-17
USW00094728,2024-08-18,,,,,211.0,10098.0,10054.0,217.0,,14.0,,,,,,,,,,,,,,,,,,,,,,,582,,89.0,71.0,94.0,,,,,,,,,,,,,,,,,,,,,,,,,,,,,0,0,,,,,,,,,,,,,,,,,,,,,,,,,,,,,,,,,,272,206,,,,290.0,230.0,,,,,,,,58.0,112.0,,,,1.0,1.0,1.0,,,,,1.0,,,,,,,,,,,,,,,,,,,,,,,2024-08-18
USW00094728,2024-08-19,,,,,167.0,10095.0,10010.0,194.0,,13.0,,,,,,,,,,,,,,,,,,,,,,,64,,67.0,33.0,93.0,,,,,,,,,,,,,,,,,,,,,,,,,,,,,0,0,,,,,,,,,,,,,,,,,,,,,,,,,,,,,,,,,,289,200,,,,300.0,300.0,,,,,,,,63.0,107.0,,,,1.0,,,,,,,,,,,,,,,,,,,,,,,,,,,,,,2024-08-19
USW00094728,2024-08-20,,,,,89.0,10122.0,10071.0,133.0,,26.0,,,,,,,,,,,,,,,,,,,,,,,0,,52.0,39.0,66.0,,,,,,,,,,,,,,,,,,,,,,,,,,,,,0,0,,,,,,,,,,,,,,,,,,,,,,,,,,,,,,,,,,222,161,,,,290.0,300.0,,,,,,,,58.0,98.0,,,,,,,,,,,,,,,,,,,,,,,,,,,,,,,,,,2024-08-20
USW00094728,2024-08-21,,,,,83.0,10173.0,10125.0,128.0,,26.0,,,,,,,,,,,,,,,,,,,,,,,0,,54.0,41.0,70.0,,,,,,,,,,,,,,,,,,,,,,,,,,,,,0,0,,,,,,,,,,,,,,,,,,,,,,,,,,,,,,,,,,228,139,,,,310.0,280.0,,,,,,,,58.0,107.0,,,,,,,,,,,,,,,,,,,,,,,,,,,,,,,,,,2024-08-21
USW00094728,2024-08-22,,,,,100.0,10213.0,10166.0,144.0,,15.0,,,,,,,,,,,,,,,,,,,,,,,0,,54.0,38.0,72.0,,,,,,,,,,,,,,,,,,,,,,,,,,,,,0,0,,,,,,,,,,,,,,,,,,,,,,,,,,,,,,,,,,244,150,,,,300.0,280.0,,,,,,,,58.0,85.0,,,,,,,,,,,,,,,,,,,,,,,,,,,,,,,,,,2024-08-22
USW00094728,2024-08-23,,,,,111.0,10247.0,10196.0,156.0,,12.0,,,,,,,,,,,,,,,,,,,,,,,0,,52.0,30.0,73.0,,,,,,,,,,,,,,,,,,,,,,,,,,,,,0,0,,,,,,,,,,,,,,,,,,,,,,,,,,,,,,,,,,267,167,,,,280.0,280.0,,,,,,,,54.0,85.0,,,,,,,,,,,,,,,,,,,,,,,,,,,,,,,,,,2024-08-23
USW00094728,2024-08-24,,,,,128.0,10237.0,10190.0,172.0,,6.0,,,,,,,,,,,,,,,,,,,,,,,0,,53.0,32.0,75.0,,,,,,,,,,,,,,,,,,,,,,,,,,,,,0,0,,,,,,,,,,,,,,,,,,,,,,,,,,,,,,,,,,283,183,,,,220.0,220.0,,,,,,,,36.0,63.0,,,,,,,,,,,,,,,,,,,,,,,,,,,,,,,,,,2024-08-24
USW00094728,2024-08-25,,,,,156.0,10227.0,10179.0,189.0,,12.0,,,,,,,,,,,,,,,,,,,,,,,0,,58.0,40.0,70.0,,,,,,,,,,,,,,,,,,,,,,,,,,,,,0,0,,,,,,,,,,,,,,,,,,,,,,,,,,,,,,,,,,294,200,,,,230.0,230.0,,,,,,,,45.0,72.0,,,,,,,,,,,,,,,,,,,,,,,,,,,,,,,,,,2024-08-25
USW00094728,2024-08-26,,,,,172.0,10200.0,10152.0,200.0,,10.0,,,,,,,,,,,,,,,,,,,,,,,10,,67.0,42.0,93.0,,,,,,,,,,,,,,,,,,,,,,,,,,,,,0,0,,,,,,,,,,,,,,,,,,,,,,,,,,,,,,,,,,294,206,,,,50.0,40.0,,,,,,,,54.0,72.0,,,,1.0,,1.0,,,,,,,,,,,,,,,,,,,,,,,,,,,,2024-08-26
USW00094728,2024-08-27,,,,,172.0,10183.0,10139.0,194.0,,11.0,,,,,,,,,,,,,,,,,,,,,,,0,,65.0,44.0,87.0,,,,,,,,,,,,,,,,,,,,,,,,,,,,,0,0,,,,,,,,,,,,,,,,,,,,,,,,,,,,,,,,,,300,194,,,,230.0,230.0,,,,,,,,45.0,85.0,,,,,,,,,,,,,,,,,,,,,,,,,,,,,,,,,,2024-08-27
USW00094728,2024-08-28,,,,,194.0,10146.0,10098.0,222.0,,22.0,,,,,,,,,,,,,,,,,,,,,,,0,,62.0,47.0,74.0,,,,,,,,,,,,,,,,,,,,,,,,,,,,,0,0,,,,,,,,,,,,,,,,,,,,,,,,,,,,,,,,,,328,233,,,,50.0,80.0,,,,,,,,63.0,94.0,,,,,,,,,,,,,,,,,,,,,,,,,,,,,,,,,,2024-08-28
USW00094728,2024-08-29,,,,,167.0,10227.0,10179.0,189.0,,29.0,,,,,,,,,,,,,,,,,,,,,,,0,,65.0,58.0,69.0,,,,,,,,,,,,,,,,,,,,,,,,,,,,,0,0,,,,,,,,,,,,,,,,,,,,,,,,,,,,,,,,,,278,211,,,,60.0,80.0,,,,,,,,72.0,107.0,,,,,,,,,,,,,,,,,,,,,,,,,,,,,,,,,,2024-08-29
USW00094728,2024-08-30,,,,,150.0,10244.0,10196.0,172.0,,24.0,,,,,,,,,,,,,,,,,,,,,,,76,,73.0,61.0,96.0,,,,,,,,,,,,,,,,,,,,,,,,,,,,,0,0,,,,,,,,,,,,,,,,,,,,,,,,,,,,,,,,,,233,161,,,,70.0,60.0,,,,,,,,54.0,89.0,,,,1.0,,,,,,,,,,,,,,,,,,,,,,,,,,,,,,2024-08-30
USW00094728,2024-08-31,,,,,183.0,10179.0,10139.0,194.0,,9.0,,,,,,,,,,,,,,,,,,,,,,1804.0,0,,77.0,69.0,82.0,,,,,,,,,,,,,,,,,,,,,,,,,,,,,0,0,,,,,,,,,,,,,,,,,,,,,,,,,,,,,,,,,,250,194,,,,130.0,180.0,,,,,,,,36.0,67.0,,,,,,,,,,,,,,,,,,,,,,,,,,,,,,,,,,2024-08-31
USW00094728,2024-09-01,,,,,200.0,10119.0,10071.0,217.0,,12.0,,,,,,,,,,,,,,,,,,,,,,,0,,76.0,64.0,85.0,,,,,,,,,,,,,,,,,,,,,,,,,,,,,0,0,,,,,,,,,,,,,,,,,,,,,,,,,,,,,,,,,,272,228,,,,240.0,280.0,,,,,,,,40.0,63.0,,,,,,,,,,,,,,,,,,,,,,,,,,,,,,,,,,2024-09-01
USW00094728,2024-09-02,,,,,100.0,10166.0,10119.0,150.0,,20.0,,,,,,,,,,,,,,,,,,,,,,,0,,48.0,32.0,66.0,,,,,,,,,,,,,,,,,,,,,,,,,,,,,0,0,,,,,,,,,,,,,,,,,,,,,,,,,,,,,,,,,,261,172,,,,330.0,250.0,,,,,,,,54.0,103.0,,,,,,,,,,,,,,,,,,,,,,,,,,,,,,,,,,2024-09-02
USW00094728,2024-09-03,,,,,61.0,10264.0,10217.0,122.0,,18.0,,,,,,,,,,,,,,,,,,,,,,,0,,46.0,28.0,67.0,,,,,,,,,,,,,,,,,,,,,,,,,,,,,0,0,,,,,,,,,,,,,,,,,,,,,,,,,,,,,,,,,,233,144,,,,30.0,20.0,,,,,,,,63.0,94.0,,,,,,,,,,,,,,,,,,,,,,,,,,,,,,,,,,2024-09-03
USW00094728,2024-09-04,,,,,89.0,10301.0,10251.0,139.0,,9.0,,,,,,,,,,,,,,,,,,,,,,,0,,52.0,36.0,73.0,,,,,,,,,,,,,,,,,,,,,,,,,,,,,0,0,,,,,,,,,,,,,,,,,,,,,,,,,,,,,,,,,,250,150,,,,50.0,60.0,,,,,,,,45.0,63.0,,,,,,,,,,,,,,,,,,,,,,,,,,,,,,,,,,2024-09-04
USW00094728,2024-09-05,,,,,117.0,10274.0,10224.0,156.0,,20.0,,,,,,,,,,,,,,,,,,,,,,,0,,60.0,43.0,75.0,,,,,,,,,,,,,,,,,,,,,,,,,,,,,0,0,,,,,,,,,,,,,,,,,,,,,,,,,,,,,,,,,,250,161,,,,70.0,50.0,,,,,,,,58.0,85.0,,,,,,,,,,,,,,,,,,,,,,,,,,,,,,,,,,2024-09-05
USW00094728,2024-09-06,,,,,156.0,10186.0,10142.0,178.0,,15.0,,,,,,,,,,,,,,,,,,,,,,,0,,71.0,57.0,81.0,,,,,,,,,,,,,,,,,,,,,,,,,,,,,0,0,,,,,,,,,,,,,,,,,,,,,,,,,,,,,,,,,,256,172,,,,60.0,200.0,,,,,,,,58.0,89.0,,,,,,,,,,,,,,,,,,,,,,,,,,,,,,,,,,2024-09-06
USW00094728,2024-09-07,,,,,161.0,10112.0,10061.0,172.0,,15.0,,,,,,,,,,,,,,,,,,,,,,,61,,82.0,68.0,93.0,,,,,,,,,,,,,,,,,,,,,,,,,,,,,0,0,,,,,,,,,,,,,,,,,,,,,,,,,,,,,,,,,,244,150,,,,300.0,250.0,,,,,,,,54.0,103.0,,,,1.0,,,,,,,,,,,,,,,,,,,,,,,,,,,,,,2024-09-07
USW00094728,2024-09-08,,,,,67.0,10156.0,10108.0,117.0,,22.0,,,,,,,,,,,,,,,,,,,,,,,0,,52.0,36.0,84.0,,,,,,,,,,,,,,,,,,,,,,,,,,,,,0,0,,,,,,,,,,,,,,,,,,,,,,,,,,,,,,,,,,206,128,,,,250.0,240.0,,,,,,,,63.0,112.0,,,,,,,,,,,,,,,,,,,,,,,,,,,,,,,,,,2024-09-08
USW00094728,2024-09-09,,,,,72.0,10183.0,10135.0,128.0,,11.0,,,,,,,,,,,,,,,,,,,,,,,0,,47.0,33.0,62.0,,,,,,,,,,,,,,,,,,,,,,,,,,,,,0,0,,,,,,,,,,,,,,,,,,,,,,,,,,,,,,,,,,239,128,,,,250.0,250.0,,,,,,,,45.0,89.0,,,,,,,,,,,,,,,,,,,,,,,,,,,,,,,,,,2024-09-09
USW00094728,2024-09-10,,,,,94.0,10186.0,10139.0,144.0,,19.0,,,,,,,,,,,,,,,,,,,,,,,0,,48.0,35.0,63.0,,,,,,,,,,,,,,,,,,,,,,,,,,,,,0,0,,,,,,,,,,,,,,,,,,,,,,,,,,,,,,,,,,256,167,,,,300.0,300.0,,,,,,,,40.0,67.0,,,,,,,,,,,,,,,,,,,,,,,,,,,,,,,,,,2024-09-10
USW00094728,2024-09-11,,,,,83.0,10224.0,10176.0,139.0,,10.0,,,,,,,,,,,,,,,,,,,,,,,0,,50.0,18.0,81.0,,,,,,,,,,,,,,,,,,,,,,,,,,,,,0,0,,,,,,,,,,,,,,,,,,,,,,,,,,,,,,,,,,261,150,,,,50.0,60.0,,,,,,,,36.0,54.0,,,,,,,,,,,,,,,,,,,,,,,,,,,,,,,,,,2024-09-11
USW00094728,2024-09-12,,,,,144.0,10240.0,10193.0,167.0,,8.0,,,,,,,,,,,,,,,,,,,,,,,0,,69.0,43.0,90.0,,,,,,,,,,,,,,,,,,,,,,,,,,,,,0,0,,,,,,,,,,,,,,,,,,,,,,,,,,,,,,,,,,267,167,,,,140.0,120.0,,,,,,,,40.0,72.0,,,,1.0,,,,,,,1.0,,,,,,,,,,,,,,,,,,,,,,,2024-09-12
USW00094728,2024-09-13,,,,,144.0,10240.0,10190.0,178.0,,6.0,,,,,,,,,,,,,,,,,,,,,,,0,,66.0,34.0,90.0,,,,,,,,,,,,,,,,,,,,,,,,,,,,,0,0,,,,,,,,,,,,,,,,,,,,,,,,,,,,,,,,,,278,172,,,,60.0,110.0,,,,,,,,31.0,63.0,,,,1.0,,,,,,,1.0,,,,,,,,,,,,,,,,,,,,,,,2024-09-13
USW00094728,2024-09-14,,,,,156.0,10240.0,10190.0,183.0,,12.0,,,,,,,,,,,,,,,,,,,,,,,0,,66.0,41.0,87.0,,,,,,,,,,,,,,,,,,,,,,,,,,,,,0,0,,,,,,,,,,,,,,,,,,,,,,,,,,,,,,,,,,283,183,,,,50.0,40.0,,,,,,,,54.0,76.0,,,,,,,,,,,,,,,,,,,,,,,,,,,,,,,,,,2024-09-14
USW00094728,2024-09-15,,,,,139.0,10271.0,10224.0,172.0,,21.0,,,,,,,,,,,,,,,,,,,,,,,0,,63.0,45.0,84.0,,,,,,,,,,,,,,,,,,,,,,,,,,,,,0,0,,,,,,,,,,,,,,,,,,,,,,,,,,,,,,,,,,267,172,,,,50.0,40.0,,,,,,,,58.0,81.0,,,,,,,,,,,,,,,,,,,,,,,,,,,,,,,,,,2024-09-15
USW00094728,2024-09-16,,,,,122.0,10261.0,10213.0,156.0,,23.0,,,,,,,,,,,,,,,,,,,,,,,0,,64.0,31.0,84.0,,,,,,,,,,,,,,,,,,,,,,,,,,,,,0,0,,,,,,,,,,,,,,,,,,,,,,,,,,,,,,,,,,250,156,,,,50.0,60.0,,,,,,,,54.0,76.0,,,,,,,,,,,,,,,,,,,,,,,,,,,,,,,,,,2024-09-16
USW00094728,2024-09-17,,,,,150.0,10227.0,10179.0,178.0,,21.0,,,,,,,,,,,,,,,,,,,,,,,0,,67.0,54.0,84.0,,,,,,,,,,,,,,,,,,,,,,,,,,,,,0,0,,,,,,,,,,,,,,,,,,,,,,,,,,,,,,,,,,261,183,,,,60.0,110.0,,,,,,,,40.0,67.0,,,,,,,,,,,,,,,,,,,,,,,,,,,,,,,,,,2024-09-17
USW00094728,2024-09-18,,,,,161.0,10176.0,10135.0,178.0,,29.0,,,,,,,,,,,,,,,,,,,,,,,0,,71.0,54.0,84.0,,,,,,,,,,,,,,,,,,,,,,,,,,,,,0,0,,,,,,,,,,,,,,,,,,,,,,,,,,,,,,,,,,239,194,,,,60.0,70.0,,,,,,,,58.0,98.0,,,,,,,,,,,,,,,,,,,,,,,,,,,,,,,,,,2024-09-18
USW00094728,2024-09-19,,,,,139.0,10122.0,10075.0,178.0,,24.0,,,,,,,,,,,,,,,,,,,,,,,0,,55.0,33.0,76.0,,,,,,,,,,,,,,,,,,,,,,,,,,,,,0,0,,,,,,,,,,,,,,,,,,,,,,,,,,,,,,,,,,289,194,,,,60.0,60.0,,,,,,,,58.0,89.0,,,,,,,,,,,,,,,,,,,,,,,,,,,,,,,,,,2024-09-19
USW00094728,2024-09-20,,,,,150.0,10139.0,10085.0,178.0,,30.0,,,,,,,,,,,,,,,,,,,,,,,0,,63.0,45.0,73.0,,,,,,,,,,,,,,,,,,,,,,,,,,,,,0,0,,,,,,,,,,,,,,,,,,,,,,,,,,,,,,,,,,272,194,,,,50.0,50.0,,,,,,,,76.0,98.0,,,,,,,,,,,,,,,,,,,,,,,,,,,,,,,,,,2024-09-20
USW00094728,2024-09-21,,,,,122.0,10156.0,10105.0,156.0,,30.0,,,,,,,,,,,,,,,,,,,,,,,0,,60.0,45.0,76.0,,,,,,,,,,,,,,,,,,,,,,,,,,,,,0,0,,,,,,,,,,,,,,,,,,,,,,,,,,,,,,,,,,261,172,,,,50.0,50.0,,,,,,,,58.0,89.0,,,,,,,,,,,,,,,,,,,,,,,,,,,,,,,,,,2024-09-21
USW00094728,2024-09-22,,,,,106.0,10166.0,10115.0,144.0,,27.0,,,,,,,,,,,,,,,,,,,,,,,0,,58.0,44.0,73.0,,,,,,,,,,,,,,,,,,,,,,,,,,,,,0,0,,,,,,,,,,,,,,,,,,,,,,,,,,,,,,,,,,233,161,,,,60.0,50.0,,,,,,,,63.0,116.0,,,,,,,,,,,,,,,,,,,,,,,,,,,,,,,,,,2024-09-22
USW00094728,2024-09-23,,,,,106.0,10183.0,10132.0,139.0,,26.0,,,,,,,,,,,,,,,,,,,,,,,10,,66.0,56.0,90.0,,,,,,,,,,,,,,,,,,,,,,,,,,,,,0,0,,,,,,,,,,,,,,,,,,,,,,,,,,,,,,,,,,194,150,,,,60.0,50.0,,,,,,,,72.0,98.0,,,,1.0,,,,,,,,,,,,,,,,,,,,,,,,,,,,,,2024-09-23
USW00094728,2024-09-24,,,,,111.0,10210.0,10152.0,144.0,,25.0,,,,,,,,,,,,,,,,,,,,,,,0,,63.0,32.0,80.0,,,,,,,,,,,,,,,,,,,,,,,,,,,,,0,0,,,,,,,,,,,,,,,,,,,,,,,,,,,,,,,,,,200,150,,,,70.0,70.0,,,,,,,,58.0,81.0,,,,,,,,,,,,,,,,,,,,,,,,,,,,,,,,,,2024-09-24
USW00094728,2024-09-25,,,,,122.0,10210.0,10163.0,150.0,,,,,,,,,,,,,,,,,,,,,,,,,0,,69.0,63.0,78.0,,,,,,,,,,,,,,,,,,,,,,,,,,,,,0,0,,,,,,,,,,,,,,,,,,,,,,,,,,,,,,,,,,200,167,,,,,,,,,,,,,,,,,,,,,,,,,,,,,,,,,,,,,,,,,,,,,,,,2024-09-25
USW00094728,2024-09-26,,,,,189.0,10179.0,10129.0,194.0,,9.0,,,,,,,,,,,,,,,,,,,,,,1058.0,20,,85.0,53.0,94.0,,,,,,,,,,,,,,,,,,,,,,,,,,,,,0,0,,,,,,,,,,,,,,,,,,,,,,,,,,,,,,,,,,233,178,,,,100.0,180.0,,,,,,,,36.0,58.0,,,,1.0,,,,,,,1.0,,,,,,,,,,,,,,,,,,,,,,,2024-09-26
USW00094728,2024-09-27,,,,,161.0,10159.0,10112.0,178.0,,18.0,,,,,,,,,,,,,,,,,,,,,,210.0,46,,77.0,61.0,93.0,,,,,,,,,,,,,,,,,,,,,,,,,,,,,0,0,,,,,,,,,,,,,,,,,,,,,,,,,,,,,,,,,,233,172,,,,70.0,50.0,,,,,,,,63.0,103.0,,,,1.0,,,,,,,,,,,,,,,,,,,,,,,,,,,,,,2024-09-27
USW00094728,2024-09-28,,,,,156.0,10146.0,10095.0,167.0,,39.0,,,,,,,,,,,,,,,,,,,,,,1703.0,66,,89.0,73.0,93.0,,,,,,,,,,,,,,,,,,,,,,,,,,,,,0,0,,,,,,,,,,,,,,,,,,,,,,,,,,,,,,,,,,200,161,,,,60.0,60.0,,,,,,,,76.0,116.0,,,,1.0,,,,,,,,,,,,,,,,,,,,,,,,,,,,,,2024-09-28
USW00094728,2024-09-29,,,,,150.0,10163.0,10115.0,156.0,,26.0,,,,,,,,,,,,,,,,,,,,,,258.0,198,,91.0,80.0,93.0,,,,,,,,,,,,,,,,,,,,,,,,,,,,,0,0,,,,,,,,,,,,,,,,,,,,,,,,,,,,,,,,,,172,156,,,,50.0,80.0,,,,,,,,54.0,98.0,,,,1.0,,,,,,,,,,,,,,,,,,,,,,,,,,,,,,2024-09-29
USW00094728,2024-09-30,,,,,128.0,10173.0,10122.0,150.0,,23.0,,,,,,,,,,,,,,,,,,,,,,1307.0,0,,71.0,51.0,90.0,,,,,,,,,,,,,,,,,,,,,,,,,,,,,0,0,,,,,,,,,,,,,,,,,,,,,,,,,,,,,,,,,,222,156,,,,60.0,70.0,,,,,,,,63.0,94.0,,,,,,,,,,,,,,,,,,,,,,,,,,,,,,,,,,2024-09-30
USW00094728,2024-10-01,,,,,128.0,10173.0,10125.0,150.0,,28.0,,,,,,,,,,,,,,,,,,,,,,,0,,75.0,65.0,84.0,,,,,,,,,,,,,,,,,,,,,,,,,,,,,0,0,,,,,,,,,,,,,,,,,,,,,,,,,,,,,,,,,,206,156,,,,60.0,60.0,,,,,,,,63.0,98.0,,,,,,,,,,,,,,,,,,,,,,,,,,,,,,,,,,2024-10-01
USW00094728,2024-10-02,,,,,111.0,10163.0,10115.0,139.0,,19.0,,,,,,,,,,,,,,,,,,,,,,,0,,68.0,55.0,81.0,,,,,,,,,,,,,,,,,,,,,,,,,,,,,0,0,,,,,,,,,,,,,,,,,,,,,,,,,,,,,,,,,,200,144,,,,60.0,60.0,,,,,,,,54.0,76.0,,,,,,,,,,,,,,,,,,,,,,,,,,,,,,,,,,2024-10-02
USW00094728,2024-10-03,,,,,117.0,10207.0,10152.0,144.0,,4.0,,,,,,,,,,,,,,,,,,,,,,,0,,64.0,29.0,76.0,,,,,,,,,,,,,,,,,,,,,,,,,,,,,0,0,,,,,,,,,,,,,,,,,,,,,,,,,,,,,,,,,,222,167,,,,140.0,130.0,,,,,,,,31.0,58.0,,,,,,,,,,,,,,,,,,,,,,,,,,,,,,,,,,2024-10-03
USW00094728,2024-10-04,,,,,133.0,10220.0,10173.0,161.0,,5.0,,,,,,,,,,,,,,,,,,,,,,,0,,71.0,63.0,84.0,,,,,,,,,,,,,,,,,,,,,,,,,,,,,0,0,,,,,,,,,,,,,,,,,,,,,,,,,,,,,,,,,,228,156,,,,130.0,120.0,,,,,,,,31.0,67.0,,,,,,,,,,,1.0,,,,,,,,,,,,,,,,,,,,,,,2024-10-04
USW00094728,2024-10-05,,,,,100.0,10207.0,10159.0,139.0,,19.0,,,,,,,,,,,,,,,,,,,,,,,0,,56.0,35.0,84.0,,,,,,,,,,,,,,,,,,,,,,,,,,,,,0,0,,,,,,,,,,,,,,,,,,,,,,,,,,,,,,,,,,239,161,,,,50.0,70.0,,,,,,,,54.0,94.0,,,,,,,,,,,,,,,,,,,,,,,,,,,,,,,,,,2024-10-05
USW00094728,2024-10-06,,,,,100.0,10179.0,10129.0,133.0,,11.0,,,,,,,,,,,,,,,,,,,,,,,0,,63.0,50.0,78.0,,,,,,,,,,,,,,,,,,,,,,,,,,,,,0,0,,,,,,,,,,,,,,,,,,,,,,,,,,,,,,,,,,217,128,,,,240.0,240.0,,,,,,,,40.0,89.0,,,,,,,,,,,,,,,,,,,,,,,,,,,,,,,,,,2024-10-06
USW00094728,2024-10-07,,,,,100.0,10105.0,10054.0,139.0,,25.0,,,,,,,,,,,,,,,,,,,,,,,0,,57.0,32.0,84.0,,,,,,,,,,,,,,,,,,,,,,,,,,,,,0,0,,,,,,,,,,,,,,,,,,,,,,,,,,,,,,,,,,239,144,,,,300.0,320.0,,,,,,,,58.0,103.0,,,,,,,,,,,,,,,,,,,,,,,,,,,,,,,,,,2024-10-07
USW00094728,2024-10-08,,,,,44.0,10125.0,10075.0,100.0,,13.0,,,,,,,,,,,,,,,,,,,,,,,0,,49.0,32.0,72.0,,,,,,,,,,,,,,,,,,,,,,,,,,,,,0,0,,,,,,,,,,,,,,,,,,,,,,,,,,,,,,,,,,200,117,,,,320.0,310.0,,,,,,,,54.0,81.0,,,,,,,,,,,,,,,,,,,,,,,,,,,,,,,,,,2024-10-08
USW00094728,2024-10-09,,,,,33.0,10129.0,10075.0,100.0,,16.0,,,,,,,,,,,,,,,,,,,,,,,0,,43.0,28.0,60.0,,,,,,,,,,,,,,,,,,,,,,,,,,,,,0,0,,,,,,,,,,,,,,,,,,,,,,,,,,,,,,,,,,200,122,,,,310.0,310.0,,,,,,,,67.0,107.0,,,,,,,,,,,,,,,,,,,,,,,,,,,,,,,,,,2024-10-09
USW00094728,2024-10-10,,,,,17.0,10176.0,10129.0,72.0,,28.0,,,,,,,,,,,,,,,,,,,,,,,0,,50.0,36.0,61.0,,,,,,,,,,,,,,,,,,,,,,,,,,,,,0,0,,,,,,,,,,,,,,,,,,,,,,,,,,,,,,,,,,167,94,,,,300.0,300.0,,,,,,,,63.0,107.0,,,,,,,,,,,,,,,,,,,,,,,,,,,,,,,,,,2024-10-10
USW00094728,2024-10-11,,,,,,,,,,19.0,,,,,,,,,,,,,,,,,,,,,,,0,,,,,,,,,,,,,,,,,,,,,,,,,,,,,,,,,0,0,,,,,,,,,,,,,,,,,,,,,,,,,,,,,,,,,,200,78,,,,230.0,240.0,,,,,,,,54.0,107.0,,,,,,,,,,,,,,,,,,,,,,,,,,,,,,,,,,2024-10-11
USW00094728,2024-10-12,,,,,28.0,10132.0,10081.0,106.0,,22.0,,,,,,,,,,,,,,,,,,,,,,,0,,37.0,22.0,52.0,,,,,,,,,,,,,,,,,,,,,,,,,,,,,0,0,,,,,,,,,,,,,,,,,,,,,,,,,,,,,,,,,,233,133,,,,300.0,310.0,,,,,,,,67.0,125.0,,,,,,,,,,,,,,,,,,,,,,,,,,,,,,,,,,2024-10-12
USW00094728,2024-10-13,,,,,89.0,10095.0,10058.0,128.0,,22.0,,,,,,,,,,,,,,,,,,,,,,,0,,62.0,41.0,87.0,,,,,,,,,,,,,,,,,,,,,,,,,,,,,0,0,,,,,,,,,,,,,,,,,,,,,,,,,,,,,,,,,,206,128,,,,60.0,90.0,,,,,,,,54.0,85.0,,,,,,,,,,,,,,,,,,,,,,,,,,,,,,,,,,2024-10-13
USW00094728,2024-10-14,,,,,50.0,10054.0,9997.0,94.0,,27.0,,,,,,,,,,,,,,,,,,,,,,,0,,60.0,30.0,83.0,,,,,,,,,,,,,,,,,,,,,,,,,,,,,0,0,,,,,,,,,,,,,,,,,,,,,,,,,,,,,,,,,,189,89,,,,280.0,280.0,,,,,,,,81.0,157.0,,,,,,,,,,,1.0,,,,,,,,,,,,,,,,,,,,,,,2024-10-14
USW00094728,2024-10-15,,,,,6.0,10119.0,10064.0,61.0,,26.0,,,,,,,,,,,,,,,,,,,,,,,0,,51.0,34.0,68.0,,,,,,,,,,,,,,,,,,,,,,,,,,,,,0,0,,,,,,,,,,,,,,,,,,,,,,,,,,,,,,,,,,139,72,,,,300.0,270.0,,,,,,,,58.0,107.0,,,,,,,,,,,,,,,,,,,,,,,,,,,,,,,,,,2024-10-15
USW00094728,2024-10-16,,,,,0.0,10176.0,10112.0,56.0,,28.0,,,,,,,,,,,,,,,,,,,,,,,0,,50.0,36.0,65.0,,,,,,,,,,,,,,,,,,,,,,,,,,,,,0,0,,,,,,,,,,,,,,,,,,,,,,,,,,,,,,,,,,150,67,,,,300.0,260.0,,,,,,,,67.0,103.0,,,,,,,,,,,,,,,,,,,,,,,,,,,,,,,,,,2024-10-16
USW00094728,2024-10-17,,,,,-6.0,10234.0,10186.0,61.0,,23.0,,,,,,,,,,,,,,,,,,,,,,,0,,47.0,32.0,74.0,,,,,,,,,,,,,,,,,,,,,,,,,,,,,0,0,,,,,,,,,,,,,,,,,,,,,,,,,,,,,,,,,,144,61,,,,40.0,360.0,,,,,,,,63.0,94.0,,,,,,,,,,,,,,,,,,,,,,,,,,,,,,,,,,2024-10-17
USW00094728,2024-10-18,,,,,11.0,10288.0,10240.0,83.0,,19.0,,,,,,,,,,,,,,,,,,,,,,,0,,43.0,21.0,64.0,,,,,,,,,,,,,,,,,,,,,,,,,,,,,0,0,,,,,,,,,,,,,,,,,,,,,,,,,,,,,,,,,,189,89,,,,50.0,50.0,,,,,,,,58.0,98.0,,,,,,,,,,,,,,,,,,,,,,,,,,,,,,,,,,2024-10-18
USW00094728,2024-10-19,,,,,39.0,10312.0,10271.0,100.0,,6.0,,,,,,,,,,,,,,,,,,,,,,,0,,49.0,25.0,71.0,,,,,,,,,,,,,,,,,,,,,,,,,,,,,0,0,,,,,,,,,,,,,,,,,,,,,,,,,,,,,,,,,,217,100,,,,270.0,340.0,,,,,,,,27.0,45.0,,,,,,,,,,,,,,,,,,,,,,,,,,,,,,,,,,2024-10-19
USW00094728,2024-10-20,,,,,33.0,10254.0,10213.0,100.0,,7.0,,,,,,,,,,,,,,,,,,,,,,,0,,43.0,25.0,75.0,,,,,,,,,,,,,,,,,,,,,,,,,,,,,0,0,,,,,,,,,,,,,,,,,,,,,,,,,,,,,,,,,,228,111,,,,250.0,240.0,,,,,,,,31.0,58.0,,,,,,,,,,,,,,,,,,,,,,,,,,,,,,,,,,2024-10-20
USW00094728,2024-10-21,,,,,39.0,10220.0,10169.0,117.0,,12.0,,,,,,,,,,,,,,,,,,,,,,,0,,36.0,25.0,48.0,,,,,,,,,,,,,,,,,,,,,,,,,,,,,0,0,,,,,,,,,,,,,,,,,,,,,,,,,,,,,,,,,,261,139,,,,290.0,220.0,,,,,,,,36.0,54.0,,,,,,,,,,,,,,,,,,,,,,,,,,,,,,,,,,2024-10-21
USW00094728,2024-10-22,,,,,94.0,10234.0,10183.0,144.0,,6.0,,,,,,,,,,,,,,,,,,,,,,,0,,49.0,32.0,67.0,,,,,,,,,,,,,,,,,,,,,,,,,,,,,0,0,,,,,,,,,,,,,,,,,,,,,,,,,,,,,,,,,,272,167,,,,130.0,120.0,,,,,,,,36.0,58.0,,,,,,,,,,,,,,,,,,,,,,,,,,,,,,,,,,2024-10-22
USW00094728,2024-10-23,,,,,117.0,10166.0,10129.0,150.0,,9.0,,,,,,,,,,,,,,,,,,,,,,,0,,61.0,44.0,73.0,,,,,,,,,,,,,,,,,,,,,,,,,,,,,0,0,,,,,,,,,,,,,,,,,,,,,,,,,,,,,,,,,,239,150,,,,210.0,200.0,,,,,,,,45.0,89.0,,,,,,,,,,,,,,,,,,,,,,,,,,,,,,,,,,2024-10-23
USW00094728,2024-10-24,,,,,56.0,10139.0,10085.0,111.0,,22.0,,,,,,,,,,,,,,,,,,,,,,,0,,47.0,32.0,67.0,,,,,,,,,,,,,,,,,,,,,,,,,,,,,0,0,,,,,,,,,,,,,,,,,,,,,,,,,,,,,,,,,,206,117,,,,350.0,10.0,,,,,,,,58.0,94.0,,,,,,,,,,,,,,,,,,,,,,,,,,,,,,,,,,2024-10-24
USW00094728,2024-10-25,,,,,17.0,10190.0,10146.0,78.0,,13.0,,,,,,,,,,,,,,,,,,,,,,,0,,48.0,29.0,66.0,,,,,,,,,,,,,,,,,,,,,,,,,,,,,0,0,,,,,,,,,,,,,,,,,,,,,,,,,,,,,,,,,,167,78,,,,40.0,40.0,,,,,,,,54.0,98.0,,,,,,,,,,,,,,,,,,,,,,,,,,,,,,,,,,2024-10-25
USW00094728,2024-10-26,,,,,0.0,10203.0,10152.0,78.0,,24.0,,,,,,,,,,,,,,,,,,,,,,,0,,38.0,24.0,55.0,,,,,,,,,,,,,,,,,,,,,,,,,,,,,0,0,,,,,,,,,,,,,,,,,,,,,,,,,,,,,,,,,,178,106,,,,310.0,300.0,,,,,,,,76.0,139.0,,,,,,,,,,,,,,,,,,,,,,,,,,,,,,,,,,2024-10-26
USW00094728,2024-10-27,,,,,-28.0,10281.0,10230.0,50.0,,13.0,,,,,,,,,,,,,,,,,,,,,,,0,,42.0,17.0,61.0,,,,,,,,,,,,,,,,,,,,,,,,,,,,,0,0,,,,,,,,,,,,,,,,,,,,,,,,,,,,,,,,,,139,72,,,,300.0,280.0,,,,,,,,58.0,94.0,,,,,,,,,,,,,,,,,,,,,,,,,,,,,,,,,,2024-10-27
USW00094728,2024-10-28,,,,,-6.0,10301.0,10251.0,67.0,,13.0,,,,,,,,,,,,,,,,,,,,,,,0,,44.0,30.0,66.0,,,,,,,,,,,,,,,,,,,,,,,,,,,,,0,0,,,,,,,,,,,,,,,,,,,,,,,,,,,,,,,,,,161,78,,,,130.0,120.0,,,,,,,,36.0,63.0,,,,,,,,,,,,,,,,,,,,,,,,,,,,,,,,,,2024-10-28
USW00094728,2024-10-29,,,,,100.0,10301.0,10254.0,122.0,,14.0,,,,,,,,,,,,,,,,,,,,,,,3,,74.0,62.0,87.0,,,,,,,,,,,,,,,,,,,,,,,,,,,,,0,0,,,,,,,,,,,,,,,,,,,,,,,,,,,,,,,,,,172,111,,,,120.0,130.0,,,,,,,,58.0,103.0,,,,1.0,,,,,,,,,,,,,,,,,,,,,,,,,,,,,,2024-10-29
USW00094728,2024-10-30,,,,,111.0,10251.0,10207.0,144.0,,15.0,,,,,,,,,,,,,,,,,,,,,,,0,,62.0,45.0,87.0,,,,,,,,,,,,,,,,,,,,,,,,,,,,,0,0,,,,,,,,,,,,,,,,,,,,,,,,,,,,,,,,,,244,144,,,,250.0,260.0,,,,,,,,40.0,76.0,,,,,,,,,,,,,,,,,,,,,,,,,,,,,,,,,,2024-10-30
USW00094728,2024-10-31,,,,,122.0,10186.0,10142.0,161.0,,17.0,,,,,,,,,,,,,,,,,,,,,,,0,,55.0,39.0,78.0,,,,,,,,,,,,,,,,,,,,,,,,,,,,,0,0,,,,,,,,,,,,,,,,,,,,,,,,,,,,,,,,,,272,161,,,,210.0,240.0,,,,,,,,54.0,89.0,,,,,,,,,,,,,,,,,,,,,,,,,,,,,,,,,,2024-10-31
USW00094728,2024-11-01,,,,,78.0,10149.0,10091.0,139.0,,28.0,,,,,,,,,,,,,,,,,,,,,,,0,,46.0,16.0,63.0,,,,,,,,,,,,,,,,,,,,,,,,,,,,,0,0,,,,,,,,,,,,,,,,,,,,,,,,,,,,,,,,,,261,139,,,,270.0,240.0,,,,,,,,72.0,143.0,,,,,,,,,,,,,,,,,,,,,,,,,,,,,,,,,,2024-11-01
USW00094728,2024-11-02,,,,,6.0,10257.0,10200.0,72.0,,19.0,,,,,,,,,,,,,,,,,,,,,,,0,,45.0,35.0,56.0,,,,,,,,,,,,,,,,,,,,,,,,,,,,,0,0,,,,,,,,,,,,,,,,,,,,,,,,,,,,,,,,,,156,83,,,,300.0,310.0,,,,,,,,58.0,81.0,,,,,,,,,,,,,,,,,,,,,,,,,,,,,,,,,,2024-11-02
USW00094728,2024-11-03,,,,,-50.0,10312.0,10257.0,33.0,,23.0,,,,,,,,,,,,,,,,,,,,,,,0,,40.0,21.0,60.0,,,,,,,,,,,,,,,,,,,,,,,,,,,,,0,0,,,,,,,,,,,,,,,,,,,,,,,,,,,,,,,,,,122,50,,,,50.0,60.0,,,,,,,,63.0,89.0,,,,,,,,,,,,,,,,,,,,,,,,,,,,,,,,,,2024-11-03
USW00094728,2024-11-04,,,,,39.0,10308.0,10264.0,78.0,,18.0,,,,,,,,,,,,,,,,,,,,,,,0,,63.0,47.0,77.0,,,,,,,,,,,,,,,,,,,,,,,,,,,,,0,0,,,,,,,,,,,,,,,,,,,,,,,,,,,,,,,,,,144,67,,,,140.0,110.0,,,,,,,,40.0,76.0,,,,,,,,,,,,,,,,,,,,,,,,,,,,,,,,,,2024-11-04
USW00094728,2024-11-05,,,,,117.0,10224.0,10179.0,144.0,,15.0,,,,,,,,,,,,,,,,,,,,,,,0,,70.0,52.0,87.0,,,,,,,,,,,,,,,,,,,,,,,,,,,,,0,0,,,,,,,,,,,,,,,,,,,,,,,,,,,,,,,,,,228,122,,,,220.0,240.0,,,,,,,,54.0,98.0,,,,,,,,,,,1.0,,,,,,,,,,,,,,,,,,,,,,,2024-11-05
USW00094728,2024-11-06,,,,,133.0,10163.0,10119.0,167.0,,18.0,,,,,,,,,,,,,,,,,,,,,,,0,,57.0,42.0,76.0,,,,,,,,,,,,,,,,,,,,,,,,,,,,,0,0,,,,,,,,,,,,,,,,,,,,,,,,,,,,,,,,,,267,178,,,,250.0,210.0,,,,,,,,54.0,98.0,,,,,,,,,,,,,,,,,,,,,,,,,,,,,,,,,,2024-11-06
USW00094728,2024-11-07,,,,,83.0,10176.0,10122.0,133.0,,23.0,,,,,,,,,,,,,,,,,,,,,,,0,,52.0,34.0,75.0,,,,,,,,,,,,,,,,,,,,,,,,,,,,,0,0,,,,,,,,,,,,,,,,,,,,,,,,,,,,,,,,,,228,122,,,,310.0,320.0,,,,,,,,72.0,116.0,,,,,,,,,,,,,,,,,,,,,,,,,,,,,,,,,,2024-11-07
USW00094728,2024-11-08,,,,,11.0,10146.0,10098.0,83.0,,24.0,,,,,,,,,,,,,,,,,,,,,,,0,,42.0,21.0,64.0,,,,,,,,,,,,,,,,,,,,,,,,,,,,,0,0,,,,,,,,,,,,,,,,,,,,,,,,,,,,,,,,,,206,100,,,,300.0,310.0,,,,,,,,89.0,165.0,,,,,,,,,,,,,,,,,,,,,,,,,,,,,,,,,,2024-11-08
USW00094728,2024-11-09,,,,,-72.0,10261.0,10196.0,33.0,,19.0,,,,,,,,,,,,,,,,,,,,,,,0,,30.0,21.0,43.0,,,,,,,,,,,,,,,,,,,,,,,,,,,,,0,0,,,,,,,,,,,,,,,,,,,,,,,,,,,,,,,,,,122,61,,,,300.0,290.0,,,,,,,,63.0,125.0,,,,,,,,,,,1.0,,,,,,,,,,,,,,,,,,,,,,,2024-11-09
USW00094728,2024-11-10,,,,,6.0,10224.0,10190.0,72.0,,15.0,,,,,,,,,,,,,,,,,,,,,,,20,,49.0,31.0,90.0,,,,,,,,,,,,,,,,,,,,,,,,,,,,,0,0,,,,,,,,,,,,,,,,,,,,,,,,,,,,,,,,,,144,72,,,,250.0,250.0,,,,,,,,58.0,89.0,,,,1.0,,,,,,,,,,,,,,,,,,,,,,,,,,,,,,2024-11-10
USW00094728,2024-11-11,,,,,83.0,10068.0,10024.0,122.0,,29.0,,,,,,,,,,,,,,,,,,,,,,,25,,63.0,40.0,90.0,,,,,,,,,,,,,,,,,,,,,,,,,,,,,0,0,,,,,,,,,,,,,,,,,,,,,,,,,,,,,,,,,,200,128,,,,230.0,210.0,,,,,,,,72.0,134.0,,,,1.0,,,,,,,,,,,,,,,,,,,,,,,,,,,,,,2024-11-11
USW00094728,2024-11-12,,,,,-22.0,10176.0,10102.0,50.0,,43.0,,,,,,,,,,,,,,,,,,,,,,,0,,44.0,35.0,59.0,,,,,,,,,,,,,,,,,,,,,,,,,,,,,0,0,,,,,,,,,,,,,,,,,,,,,,,,,,,,,,,,,,150,50,,,,300.0,300.0,,,,,,,,94.0,161.0,,,,,,,,,,,,,,,,,,,,,,,,,,,,,,,,,,2024-11-12
USW00094728,2024-11-13,,,,,-78.0,10312.0,10257.0,11.0,,28.0,,,,,,,,,,,,,,,,,,,,,,,0,,38.0,25.0,52.0,,,,,,,,,,,,,,,,,,,,,,,,,,,,,0,0,,,,,,,,,,,,,,,,,,,,,,,,,,,,,,,,,,100,28,,,,50.0,60.0,,,,,,,,72.0,103.0,,,,,,,,,,,,,,,,,,,,,,,,,,,,,,,,,,2024-11-13
USW00094728,2024-11-14,,,,,-44.0,10240.0,10193.0,22.0,,21.0,,,,,,,,,,,,,,,,,,,,,,,0,,49.0,38.0,58.0,,,,,,,,,,,,,,,,,,,,,,,,,,,,,0,0,,,,,,,,,,,,,,,,,,,,,,,,,,,,,,,,,,83,28,,,,60.0,90.0,,,,,,,,63.0,103.0,,,,,,,,,,,,,,,,,,,,,,,,,,,,,,,,,,2024-11-14
USW00094728,2024-11-15,,,,,-44.0,10115.0,10068.0,39.0,,22.0,,,,,,,,,,,,,,,,,,,,,,,0,,37.0,26.0,48.0,,,,,,,,,,,,,,,,,,,,,,,,,,,,,0,0,,,,,,,,,,,,,,,,,,,,,,,,,,,,,,,,,,144,50,,,,300.0,300.0,,,,,,,,72.0,107.0,,,,,,,,,,,,,,,,,,,,,,,,,,,,,,,,,,2024-11-15
USW00094728,2024-11-16,,,,,-39.0,10119.0,10068.0,50.0,,38.0,,,,,,,,,,,,,,,,,,,,,,,0,,35.0,21.0,50.0,,,,,,,,,,,,,,,,,,,,,,,,,,,,,0,0,,,,,,,,,,,,,,,,,,,,,,,,,,,,,,,,,,167,72,,,,300.0,300.0,,,,,,,,72.0,139.0,,,,,,,,,,,,,,,,,,,,,,,,,,,,,,,,,,2024-11-16
USW00094728,2024-11-17,,,,,-33.0,10159.0,10108.0,56.0,,21.0,,,,,,,,,,,,,,,,,,,,,,,0,,36.0,17.0,52.0,,,,,,,,,,,,,,,,,,,,,,,,,,,,,0,0,,,,,,,,,,,,,,,,,,,,,,,,,,,,,,,,,,172,67,,,,300.0,300.0,,,,,,,,58.0,94.0,,,,,,,,,,,1.0,,,,,,,,,,,,,,,,,,,,,,,2024-11-17
USW00094728,2024-11-18,,,,,6.0,10115.0,10064.0,78.0,,19.0,,,,,,,,,,,,,,,,,,,,,,,0,,42.0,29.0,53.0,,,,,,,,,,,,,,,,,,,,,,,,,,,,,0,0,,,,,,,,,,,,,,,,,,,,,,,,,,,,,,,,,,189,94,,,,300.0,290.0,,,,,,,,72.0,125.0,,,,,,,,,,,,,,,,,,,,,,,,,,,,,,,,,,2024-11-18
USW00094728,2024-11-19,,,,,6.0,10125.0,10075.0,67.0,,10.0,,,,,,,,,,,,,,,,,,,,,,,0,,47.0,32.0,61.0,,,,,,,,,,,,,,,,,,,,,,,,,,,,,0,0,,,,,,,,,,,,,,,,,,,,,,,,,,,,,,,,,,156,83,,,,300.0,320.0,,,,,,,,45.0,81.0,,,,,,,,,,,,,,,,,,,,,,,,,,,,,,,,,,2024-11-19
USW00094728,2024-11-20,,,,,39.0,10078.0,10024.0,89.0,,13.0,,,,,,,,,,,,,,,,,,,,,,,0,,54.0,44.0,70.0,,,,,,,,,,,,,,,,,,,,,,,,,,,,,0,0,,,,,,,,,,,,,,,,,,,,,,,,,,,,,,,,,,156,117,,,,100.0,100.0,,,,,,,,81.0,152.0,,,,,,,,,,,,,,,,,,,,,,,,,,,,,,,,,,2024-11-20
USW00094728,2024-11-21,,,,,61.0,9990.0,9949.0,72.0,,31.0,,,,,,,,,,,,,,,,,,,,,,,399,,90.0,69.0,93.0,,,,,,,,,,,,,,,,,,,,,,,,,,,,,0,0,,,,,,,,,,,,,,,,,,,,,,,,,,,,,,,,,,122,28,,,,50.0,60.0,,,,,,,,67.0,107.0,,,,1.0,,,,,,,,,,,,,,,,,,,,,,,,,,,,,,2024-11-21
USW00094728,2024-11-22,,,,,11.0,9936.0,9888.0,28.0,,27.0,,,,,,,,,,,,,,,,,,,,,,,135,,83.0,73.0,89.0,,,,,,,,,,,,,,,,,,,,,,,,,,,,,0,0,,,,,,,,,,,,,,,,,,,,,,,,,,,,,,,,,,44,28,,,,230.0,230.0,,,,,,,,72.0,143.0,,,,1.0,,,,,,,,,,,,,,,,,,,,,,,,,,,,,,2024-11-22
USW00094728,2024-11-23,,,,,6.0,10007.0,9953.0,44.0,,37.0,,,,,,,,,,,,,,,,,,,,,,,5,,67.0,52.0,93.0,,,,,,,,,,,,,,,,,,,,,,,,,,,,,0,0,,,,,,,,,,,,,,,,,,,,,,,,,,,,,,,,,,94,28,,,,290.0,280.0,,,,,,,,94.0,174.0,,,,1.0,,,,,,,,,,,,,,,,,,,,,,,,,,,,,,2024-11-23
USW00094728,2024-11-24,,,,,-6.0,10119.0,10068.0,50.0,,44.0,,,,,,,,,,,,,,,,,,,,,,,0,,51.0,38.0,63.0,,,,,,,,,,,,,,,,,,,,,,,,,,,,,0,0,,,,,,,,,,,,,,,,,,,,,,,,,,,,,,,,,,117,67,,,,280.0,270.0,,,,,,,,89.0,143.0,,,,,,,,,,,,,,,,,,,,,,,,,,,,,,,,,,2024-11-24
USW00094728,2024-11-25,,,,,-17.0,10169.0,10119.0,44.0,,14.0,,,,,,,,,,,,,,,,,,,,,,,0,,47.0,31.0,63.0,,,,,,,,,,,,,,,,,,,,,,,,,,,,,0,0,,,,,,,,,,,,,,,,,,,,,,,,,,,,,,,,,,122,50,,,,290.0,260.0,,,,,,,,45.0,81.0,,,,,,,,,,,,,,,,,,,,,,,,,,,,,,,,,,2024-11-25
USW00094728,2024-11-26,,,,,50.0,10115.0,10058.0,89.0,,21.0,,,,,,,,,,,,,,,,,,,,,,,48,,65.0,43.0,90.0,,,,,,,,,,,,,,,,,,,,,,,,,,,,,0,0,,,,,,,,,,,,,,,,,,,,,,,,,,,,,,,,,,144,78,,,,310.0,310.0,,,,,,,,63.0,116.0,,,,1.0,,,,,,,,,,,,,,,,,,,,,,,,,,,,,,2024-11-26
USW00094728,2024-11-27,,,,,-22.0,10159.0,10108.0,39.0,,20.0,,,,,,,,,,,,,,,,,,,,,,,0,,47.0,36.0,58.0,,,,,,,,,,,,,,,,,,,,,,,,,,,,,0,0,,,,,,,,,,,,,,,,,,,,,,,,,,,,,,,,,,111,61,,,,230.0,220.0,,,,,,,,54.0,85.0,,,,,,,,,,,,,,,,,,,,,,,,,,,,,,,,,,2024-11-27
USW00094728,2024-11-28,,,,,28.0,10047.0,10003.0,56.0,,25.0,,,,,,,,,,,,,,,,,,,,,,,218,,77.0,44.0,97.0,,,,,,,,,,,,,,,,,,,,,,,,,,,,,0,0,,,,,,,,,,,,,,,,,,,,,,,,,,,,,,,,,,94,56,,,,270.0,300.0,,,,,,,,72.0,143.0,,,,1.0,,,,,,,,,,,,,,,,,,,,,,,,,,,,,,2024-11-28
USW00094728,2024-11-29,,,,,-33.0,10119.0,10064.0,17.0,,26.0,,,,,,,,,,,,,,,,,,,,,,,0,,57.0,44.0,68.0,,,,,,,,,,,,,,,,,,,,,,,,,,,,,0,0,,,,,,,,,,,,,,,,,,,,,,,,,,,,,,,,,,83,11,,,,280.0,240.0,,,,,,,,67.0,107.0,,,,,,,,,,,,,,,,,,,,,,,,,,,,,,,,,,2024-11-29
USW00094728,2024-11-30,,,,,-94.0,10156.0,10102.0,-22.0,,34.0,,,,,,,,,,,,,,,,,,,,,,,0,,46.0,34.0,56.0,,,,,,,,,,,,,,,,,,,,,,,,,,,,,0,0,,,,,,,,,,,,,,,,,,,,,,,,,,,,,,,,,,39,-10,,,,270.0,270.0,,,,,,,,63.0,112.0,,,,,,,,,,,,,,,,,,,,,,,,,,,,,,,,,,2024-11-30
USW00094728,2024-12-01,,,,,-117.0,10183.0,10132.0,-39.0,,33.0,,,,,,,,,,,,,,,,,,,,,,,0,,42.0,31.0,53.0,,,,,,,,,,,,,,,,,,,,,,,,,,,,,0,0,,,,,,,,,,,,,,,,,,,,,,,,,,,,,,,,,,33,-27,,,,230.0,230.0,,,,,,,,76.0,157.0,,,,,,,,,,,,,,,,,,,,,,,,,,,,,,,,,,2024-12-01
USW00094728,2024-12-02,,,,,-89.0,10203.0,10149.0,-22.0,,24.0,,,,,,,,,,,,,,,,,,,,,,1532.0,0,,48.0,39.0,56.0,,,,,,,,,,,,,,,,,,,,,,,,,,,,,0,0,,,,,,,,,,,,,,,,,,,,,,,,,,,,,,,,,,39,-16,,,,300.0,310.0,,,,,,,,58.0,98.0,,,,,,,,,,,,,,,,,,,,,,,,,,,,,,,,,,2024-12-02
USW00094728,2024-12-03,,,,,-72.0,10237.0,10179.0,-11.0,,27.0,,,,,,,,,,,,,,,,,,,,,,1945.0,0,,51.0,31.0,67.0,,,,,,,,,,,,,,,,,,,,,,,,,,,,,0,0,,,,,,,,,,,,,,,,,,,,,,,,,,,,,,,,,,56,0,,,,310.0,300.0,,,,,,,,72.0,116.0,,,,,,,,,,,,,,,,,,,,,,,,,,,,,,,,,,2024-12-03
USW00094728,2024-12-04,,,,,-72.0,10186.0,10152.0,-11.0,,20.0,,,,,,,,,,,,,,,,,,,,,,1945.0,3,,51.0,36.0,79.0,,,,,,,,,,,,,,,,,,,,,,,,,,,,,0,0,,,,,,,,,,,,,,,,,,,,,,,,,,,,,,,,,,56,-10,,,,190.0,210.0,,,,,,,,72.0,143.0,,,,,,,,,,,,,,,,,,,,,,,,,,,,,,,,,,2024-12-04
USW00094728,2024-12-05,,,,,-44.0,10041.0,9986.0,0.0,,38.0,,,,,,,,,,,,,,,,,,,,,,1357.0,23,,62.0,41.0,86.0,,,,,,,,,,,,,,,,,,,,,,,,,,,,,0,0,,,,,,,,,,,,,,,,,,,,,,,,,,,,,,,,,,44,-5,,,,280.0,280.0,,,,,,,,94.0,179.0,,,,,,,,,,,,,,,,,,,,,,,,,,,,,,,,,,2024-12-05
USW00094728,2024-12-06,,,,,-122.0,10179.0,10119.0,-39.0,,38.0,,,,,,,,,,,,,,,,,,,,,,327.0,0,,39.0,30.0,56.0,,,,,,,,,,,,,,,,,,,,,,,,,,,,,0,0,,,,,,,,,,,,,,,,,,,,,,,,,,,,,,,,,,11,-10,,,,310.0,320.0,,,,,,,,81.0,165.0,,,,,,,,,,,,,,,,,,,,,,,,,,,,,,,,,,2024-12-06
USW00094728,2024-12-07,,,,,-89.0,10186.0,10142.0,-17.0,,34.0,,,,,,,,,,,,,,,,,,,,,,2140.0,0,,44.0,36.0,52.0,,,,,,,,,,,,,,,,,,,,,,,,,,,,,0,0,,,,,,,,,,,,,,,,,,,,,,,,,,,,,,,,,,50,-5,,,,290.0,230.0,,,,,,,,63.0,107.0,,,,,,,,,,,,,,,,,,,,,,,,,,,,,,,,,,2024-12-07
USW00094728,2024-12-08,,,,,-50.0,10105.0,10051.0,28.0,,27.0,,,,,,,,,,,,,,,,,,,,,,45.0,0,,40.0,32.0,48.0,,,,,,,,,,,,,,,,,,,,,,,,,,,,,0,0,,,,,,,,,,,,,,,,,,,,,,,,,,,,,,,,,,128,33,,,,220.0,240.0,,,,,,,,67.0,121.0,,,,,,,,,,,,,,,,,,,,,,,,,,,,,,,,,,2024-12-08
USW00094728,2024-12-09,,,,,39.0,10149.0,10098.0,67.0,,16.0,,,,,,,,,,,,,,,,,,,,,,1448.0,46,,74.0,54.0,93.0,,,,,,,,,,,,,,,,,,,,,,,,,,,,,0,0,,,,,,,,,,,,,,,,,,,,,,,,,,,,,,,,,,106,67,,,,60.0,70.0,,,,,,,,45.0,67.0,,,,,,,,,,,,,,,,,,,,,,,,,,,,,,,,,,2024-12-09
USW00094728,2024-12-10,,,,,67.0,10169.0,10119.0,72.0,,25.0,,,,,,,,,,,,,,,,,,,,,,1526.0,66,,90.0,83.0,93.0,,,,,,,,,,,,,,,,,,,,,,,,,,,,,0,0,,,,,,,,,,,,,,,,,,,,,,,,,,,,,,,,,,100,67,,,,80.0,80.0,,,,,,,,54.0,81.0,,,,,,,,,,,,,,,,,,,,,,,,,,,,,,,,,,2024-12-10
USW00094728,2024-12-11,,,,,106.0,10037.0,9997.0,111.0,,29.0,,,,,,,,,,,,,,,,,,,,,,2341.0,216,,89.0,65.0,97.0,,,,,,,,,,,,,,,,,,,,,,,,,,,,,0,0,,,,,,,,,,,,,,,,,,,,,,,,,,,,,,,,,,156,50,,,,280.0,260.0,,,,,,,,81.0,134.0,,,,,,,,,,,,,,,,,,,,,,,,,,,,,,,,,,2024-12-11
USW00094728,2024-12-12,,,,,-100.0,10200.0,10122.0,-17.0,,42.0,,,,,,,,,,,,,,,,,,,,,,1106.0,0,,42.0,24.0,67.0,,,,,,,,,,,,,,,,,,,,,,,,,,,,,0,0,,,,,,,,,,,,,,,,,,,,,,,,,,,,,,,,,,50,-16,,,,240.0,230.0,,,,,,,,103.0,174.0,,,,,,,,,,,,,,,,,,,,,,,,,,,,,,,,,,2024-12-12
USW00094728,2024-12-13,,,,,-150.0,10376.0,10312.0,-50.0,,,,,,,,,,,,,,,,,,,,,,,,951.0,0,,36.0,30.0,44.0,,,,,,,,,,,,,,,,,,,,,,,,,,,,,0,0,,,,,,,,,,,,,,,,,,,,,,,,,,,,,,,,,,6,-27,,,,310.0,310.0,,,,,,,,67.0,103.0,,,,,,,,,,,,,,,,,,,,,,,,,,,,,,,,,,2024-12-13
USW00094728,2024-12-14,,,,,-122.0,10461.0,10406.0,-44.0,,22.0,,,,,,,,,,,,,,,,,,,,,,1013.0,0,,43.0,36.0,49.0,,,,,,,,,,,,,,,,,,,,,,,,,,,,,0,0,,,,,,,,,,,,,,,,,,,,,,,,,,,,,,,,,,11,-32,,,,50.0,50.0,,,,,,,,63.0,89.0,,,,,,,,,,,,,,,,,,,,,,,,,,,,,,,,,,2024-12-14
USW00094728,2024-12-15,,,,,-50.0,10410.0,10366.0,-6.0,,23.0,,,,,,,,,,,,,,,,,,,,,,1055.0,15,,63.0,47.0,83.0,,,,,,,,,,,,,,,,,,,,,,,,,,,,,0,0,,,,,,,,,,,,,,,,,,,,,,,,,,,,,,,,,,50,-21,,,,60.0,50.0,,,,,,,,54.0,76.0,,,,,,,,,,,,,,,,,,,,,,,,,,,,,,,,,,2024-12-15
USW00094728,2024-12-16,,,,,56.0,10281.0,10244.0,67.0,,23.0,,,,,,,,,,,,,,,,,,,,,,1135.0,231,,90.0,86.0,93.0,,,,,,,,,,,,,,,,,,,,,,,,,,,,,0,0,,,,,,,,,,,,,,,,,,,,,,,,,,,,,,,,,,111,33,,,,100.0,100.0,,,,,,,,54.0,98.0,,,,,,,,,,,,,,,,,,,,,,,,,,,,,,,,,,2024-12-16
USW00094728,2024-12-17,,,,,50.0,10200.0,10146.0,83.0,,23.0,,,,,,,,,,,,,,,,,,,,,,1417.0,5,,66.0,44.0,89.0,,,,,,,,,,,,,,,,,,,,,,,,,,,,,0,0,,,,,,,,,,,,,,,,,,,,,,,,,,,,,,,,,,150,94,,,,240.0,260.0,,,,,,,,63.0,103.0,,,,,,,,,,,,,,,,,,,,,,,,,,,,,,,,,,2024-12-17
USW00094728,2024-12-18,,,,,11.0,10196.0,10163.0,50.0,,12.0,,,,,,,,,,,,,,,,,,,,,,1502.0,81,,61.0,41.0,90.0,,,,,,,,,,,,,,,,,,,,,,,,,,,,,0,0,,,,,,,,,,,,,,,,,,,,,,,,,,,,,,,,,,117,56,,,,300.0,130.0,,,,,,,,40.0,72.0,,,,,,,,,,,,,,,,,,,,,,,,,,,,,,,,,,2024-12-18
USW00094728,2024-12-19,,,,,-33.0,10220.0,10169.0,22.0,,30.0,,,,,,,,,,,,,,,,,,,,,,337.0,13,,54.0,32.0,89.0,,,,,,,,,,,,,,,,,,,,,,,,,,,,,0,0,,,,,,,,,,,,,,,,,,,,,,,,,,,,,,,,,,72,28,,,,300.0,300.0,,,,,,,,72.0,130.0,,,,,,,,,,,,,,,,,,,,,,,,,,,,,,,,,,2024-12-19
USW00094728,2024-12-20,,,,,-28.0,10163.0,10129.0,0.0,,38.0,,,,,,,,,,,,,,,,,,,,,,1221.0,10,,73.0,52.0,85.0,,,,,,,,,,,,,,,,,,,,,,,,,,,,,0,0,,,,,,,,,,,,,,,,,,,,,,,,,,,,,,,,,,28,6,,,,60.0,70.0,,,,,,,,89.0,125.0,,,,,,,,,,,,,,,,,,,,,,,,,,,,,,,,,,2024-12-20
USW00094728,2024-12-21,,,,,-94.0,10176.0,10108.0,-44.0,,47.0,,,,,,,,,,,,,,,,,,,,,,1607.0,38,,61.0,42.0,89.0,,,,,,,,,,,,,,,,,,,,,,,,,,,,,46,50,,,,,,,,,,,,,,,,,,,,,,,,,,,,,,,,,,6,-71,,,,310.0,280.0,,,,,,,,98.0,197.0,,,,,,,,,,,,,,,,,,,,,,,,,,,,,,,,,,2024-12-21
USW00094728,2024-12-22,,,,,-178.0,10312.0,10257.0,-100.0,,,,,,,,,,,,,,,,,,,,,,,,930.0,0,,47.0,36.0,59.0,,,,,,,,,,,,,,,,,,,,,,,,,,,,,0,30,,,,,,,,,,,,,,,,,,,,,,,,,,,,,,,,,,-60,-105,,,,300.0,300.0,,,,,,,,76.0,130.0,,,,,,,,,,,,,,,,,,,,,,,,,,,,,,,,,,2024-12-22
USW00094728,2024-12-23,,,,,-144.0,10352.0,10305.0,-83.0,,14.0,,,,,,,,,,,,,,,,,,,,,,2354.0,0,,51.0,31.0,64.0,,,,,,,,,,,,,,,,,,,,,,,,,,,,,0,30,,,,,,,,,,,,,,,,,,,,,,,,,,,,,,,,,,-5,-105,,,,220.0,220.0,,,,,,,,54.0,85.0,,,,,,,,,,,,,,,,,,,,,,,,,,,,,,,,,,2024-12-23
USW00094728,2024-12-24,,,,,-56.0,10251.0,10207.0,-11.0,,22.0,,,,,,,,,,,,,,,,,,,,,,633.0,25,,62.0,44.0,85.0,,,,,,,,,,,,,,,,,,,,,,,,,,,,,25,30,,,,,,,,,,,,,,,,,,,,,,,,,,,,,,,,,,39,-21,,,,220.0,230.0,,,,,,,,58.0,94.0,,,,,,,,,,,,,,,,,,,,,,,,,,,,,,,,,,2024-12-24
USW00094728,2024-12-25,,,,,-67.0,10284.0,10230.0,-22.0,,17.0,,,,,,,,,,,,,,,,,,,,,,959.0,0,,61.0,50.0,73.0,,,,,,,,,,,,,,,,,,,,,,,,,,,,,0,30,,,,,,,,,,,,,,,,,,,,,,,,,,,,,,,,,,17,-21,,,,300.0,20.0,,,,,,,,54.0,76.0,,,,,,,,,,,,,,,,,,,,,,,,,,,,,,,,,,2024-12-25
USW00094728,2024-12-26,,,,,-83.0,10312.0,10257.0,-33.0,,14.0,,,,,,,,,,,,,,,,,,,,,,940.0,0,,59.0,44.0,72.0,,,,,,,,,,,,,,,,,,,,,,,,,,,,,0,30,,,,,,,,,,,,,,,,,,,,,,,,,,,,,,,,,,22,-43,,,,40.0,320.0,,,,,,,,31.0,49.0,,,,,,,,,,,,,,,,,,,,,,,,,,,,,,,,,,2024-12-26
USW00094728,2024-12-27,,,,,-44.0,10281.0,10251.0,-6.0,,5.0,,,,,,,,,,,,,,,,,,,,,,2308.0,0,,62.0,49.0,71.0,,,,,,,,,,,,,,,,,,,,,,,,,,,,,0,30,,,,,,,,,,,,,,,,,,,,,,,,,,,,,,,,,,67,-32,,,,250.0,240.0,,,,,,,,36.0,67.0,,,,,,,,,,,,,,,,,,,,,,,,,,,,,,,,,,2024-12-27
USW00094728,2024-12-28,,,,,50.0,10244.0,10196.0,67.0,,6.0,,,,,,,,,,,,,,,,,,,,,,46.0,142,,86.0,68.0,93.0,,,,,,,,,,,,,,,,,,,,,,,,,,,,,0,0,,,,,,,,,,,,,,,,,,,,,,,,,,,,,,,,,,122,44,,,,220.0,220.0,,,,,,,,36.0,54.0,,,,,,,,,,,,,,,,,,,,,,,,,,,,,,,,,,2024-12-28
USW00094728,2024-12-29,,,,,28.0,10169.0,10132.0,61.0,,21.0,,,,,,,,,,,,,,,,,,,,,,2051.0,41,,66.0,44.0,83.0,,,,,,,,,,,,,,,,,,,,,,,,,,,,,0,0,,,,,,,,,,,,,,,,,,,,,,,,,,,,,,,,,,156,100,,,,160.0,170.0,,,,,,,,63.0,116.0,,,,,,,,,,,,,,,,,,,,,,,,,,,,,,,,,,2024-12-29
USW00094728,2024-12-30,,,,,-50.0,10156.0,9993.0,17.0,,29.0,,,,,,,,,,,,,,,,,,,,,,1224.0,94,,48.0,36.0,56.0,,,,,,,,,,,,,,,,,,,,,,,,,,,,,0,0,,,,,,,,,,,,,,,,,,,,,,,,,,,,,,,,,,144,94,,,,240.0,240.0,,,,,,,,72.0,134.0,,,,,,,,,,,,,,,,,,,,,,,,,,,,,,,,,,2024-12-30
USW00094728,2024-12-31,,,,,11.0,10095.0,10051.0,56.0,,23.0,,,,,,,,,,,,,,,,,,,,,,2133.0,102,,61.0,44.0,93.0,,,,,,,,,,,,,,,,,,,,,,,,,,,,,0,0,,,,,,,,,,,,,,,,,,,,,,,,,,,,,,,,,,117,67,,,,60.0,60.0,,,,,,,,72.0,107.0,,,,,,,,,,,,,,,,,,,,,,,,,,,,,,,,,,2024-12-31
